schema,DG_ted,JE_ted,JSF_ted,DG_number_errors,JE_number_errors,JSF_number_errors
o1,0,14,60,0,0,0
o10008,0,116,1,0,0,0
o10009,0,0,8,0,0,0
o10010,0,0,4,0,0,0
o10011,0,2,10,0,2,0
o10012,,0,2,,0,0
o10013,2,51,16,0,2,0
o10014,0,45,5,0,0,0
o10016,0,16,2,0,0,0
o10018,1,1,1,0,1,0
o10020,2,2,1,1,1,0
o10021,0,0,2,0,0,0
o10026,3,14,4,1,1,1
o10030,0,17,9,0,0,0
o10055,0,8,1,0,0,0
o10059,0,0,3,0,0,0
o1006,0,264,34,0,0,0
o10065,2,,4,0,,0
o10069,1,19,5,0,1,0
o10075,0,12,15,0,0,0
o10076,1,3,6,0,1,0
o10077,1,15,7,0,0,0
o10078,0,0,32,0,0,3
o10079,0,0,14,0,0,0
o1008,2,,2,0,,0
o10082,0,62,2,0,0,0
o10086,0,0,0,0,0,0
o10088,0,0,16,0,0,0
o10089,0,0,16,0,0,0
o10091,0,144,10,0,0,0
o10092,2,44,2,1,1,0
o10093,,,5,,,0
o10094,4,,6,0,,0
o102,0,,195,0,,0
o10217,0,769,24,0,0,0
o10293,0,,96,0,,4
o10295,0,0,39,0,0,0
o10296,0,,574,0,,18
o10297,14,,141,0,,0
o10298,0,0,83,0,0,0
o10318,0,,24,0,,0
o10335,0,6,2,0,0,0
o10337,1,31,1,0,0,0
o10340,9,,726,0,1,1
o10420,1,12,5696,0,0,52
o10421,0,1,172,0,1,0
o10467,2,177,9,0,0,0
o10468,2,2,2,0,0,0
o10475,3,11,3,0,0,0
o10495,0,8,18,0,0,0
o10499,0,0,278,0,0,0
o1050,0,17,18,0,0,0
o1051,0,10,,0,0,
o10514,1,,15,0,,0
o10515,0,1,6,0,1,0
o10517,10,27,183,0,1,10
o10518,0,,26,0,,0
o1052,0,,,0,,
o10526,2,12,12,0,0,0
o10527,1,89,45,0,0,0
o10530,0,222,157,0,16,0
o10532,0,,277,0,,0
o10555,0,11,41,0,2,0
o10566,1,19,2,0,0,0
o10617,0,0,33,0,0,0
o10618,0,0,10,0,0,0
o10927,,,239,,,0
o1114,2,14,4,0,0,0
o11170,4,9,33,0,3,0
o11171,4,4,22,0,0,0
o11172,0,,27,0,,0
o11173,3,3,13,0,0,0
o11174,0,,35,0,,0
o11187,0,26,4,0,0,0
o11481,2,,10,0,,0
o11513,6,,6,0,,0
o11514,21,25,25,0,0,0
o11515,24,,32,0,,0
o11666,2,6,2,1,1,1
o11667,0,207,16,0,0,2
o11670,10,807,14,0,0,0
o11689,1,24,79,0,9,0
o11781,1,19,16,0,1,0
o11787,3,26,15,0,0,0
o11794,8,112,12,0,0,0
o11795,5,89,26,0,0,0
o11796,3,12,5,0,0,0
o11798,2,25,13,0,0,0
o11800,7,74,12,0,0,0
o11801,4,101,29,0,0,0
o11803,4,30,13,0,0,0
o1184,2,,136,0,,0
o11855,3,,3,1,,0
o11859,5,162,18,0,0,0
o1190,1,129,27,0,0,0
o1191,7,38,73,0,3,0
o11975,2,,41,0,,0
o12068,0,0,3,0,0,0
o12069,0,,55,0,,0
o12070,1,56,1,0,2,0
o12077,0,,,0,,
o12078,0,8,4,0,2,0
o12085,0,15,19,0,0,0
o12086,0,11,0,0,2,0
o12087,0,,14,0,,0
o12088,1,5,1,0,2,0
o12092,6,17,9,0,0,0
o12174,2,2,2,1,1,1
o12175,0,12,19,0,0,1
o12176,2,6,10,0,0,0
o12178,10,8,6,0,0,0
o1218,0,,7,0,,0
o12182,1,3,1,0,0,0
o12210,0,4,14,0,0,0
o12214,2,2,2,0,0,0
o12215,2,2,4,0,0,0
o12218,0,0,8,0,0,0
o12222,1,3,1,0,0,0
o12223,0,0,12,0,0,0
o12228,2,,22,0,,0
o12229,3,19,33,0,0,0
o12235,0,2,9,0,0,0
o12236,5,184,40,0,0,0
o12244,0,0,21,0,0,0
o12254,4,8,6,0,0,0
o12256,0,19,6,0,0,0
o12278,0,0,40,0,0,0
o12279,0,21,16,0,0,0
o12281,0,38,2,0,0,0
o12283,2,434,35,0,0,0
o12289,0,6,236,0,0,0
o12296,0,304,2,0,0,0
o12299,2,,29,0,,0
o12334,3,,,0,,
o12335,1,,,0,,
o12336,2,,,0,,
o12337,1,,,0,,
o12343,10,26,479,0,13,0
o12344,3,,1257,0,,0
o12345,0,0,10,0,0,0
o12346,9,9,52,0,0,0
o12368,0,112,,0,0,
o12378,,16,,,0,
o12381,0,8,10,0,0,0
o12453,7,,175,0,,9
o12454,,,85,,,6
o12455,0,20,66,0,13,0
o12456,10,,37,0,,0
o12457,0,,381,0,,9
o12458,0,4,122,0,2,6
o12459,5,,116,0,,2
o12460,6,,101,0,,2
o12475,0,0,673,0,0,0
o12477,2,816,156,0,0,0
o12478,1,,426,0,,0
o12479,2,,96,0,,0
o12480,2,,52,0,,0
o12481,2,,439,0,,0
o12483,0,,5,0,,0
o12487,2,6,8,0,0,0
o12488,1,1,1,0,0,0
o12489,0,12,14,0,0,0
o12490,0,97,8,0,0,0
o12491,0,8,10,0,0,0
o12494,0,6,10,0,0,0
o12496,0,43,14,0,0,0
o12498,0,21,115,0,0,0
o12499,0,101,56,0,0,0
o12562,1,,26,0,,0
o12603,1,4,22,0,1,0
o12604,1,3,1,0,2,0
o12605,2,5,2,0,1,0
o12607,0,18,8,0,0,0
o12608,0,14,15,0,0,0
o12610,0,159,24,0,0,0
o12611,0,16,10,0,0,0
o12613,1,1,1,0,0,0
o1262,4,,20,0,,0
o12622,1128,,1204,0,,0
o12626,0,719,12,0,0,0
o12629,0,20,2,0,0,0
o12641,2,,,0,,
o12643,1,,,0,,
o12644,0,33,12,0,0,0
o12647,1,28,3,0,0,0
o12649,0,0,18,0,0,0
o12652,3,,512,0,,1
o12653,3,,262,0,,2
o12911,5,1903,2856,0,0,0
o12958,0,29,183,0,5,2
o12970,5,5,7,0,0,0
o12971,1,,1,0,,0
o12972,4,,97,0,,2
o12978,4,,28,0,,0
o12985,0,18,67,0,0,0
o13,0,,25,0,,1
o13017,0,2,6,0,0,0
o13020,1,201,670,0,4,29
o13024,0,305,,0,7,
o13029,0,264,173,0,0,0
o13093,0,,15,0,1,0
o13095,2,,19,0,,0
o13112,3,922,63,0,28,0
o13122,3,,3,0,,0
o13123,6,29,,1,1,
o13129,4,8,37,2,6,1
o13131,6,9,104,3,6,5
o13134,0,53,172,0,1,0
o13136,0,0,11,0,0,0
o13138,0,34,96,0,1,0
o13139,,4,6,,3,0
o13140,1,46,4,0,5,0
o13142,2,2,2,0,0,0
o13149,1,11,15,0,0,0
o13150,1,18,13,0,0,0
o13151,1,213,29,0,0,0
o1316,2,22,8,0,0,0
o1327,,55,13,3,1,0
o1329,0,8,21,0,0,0
o1332,1,1,,0,0,
o1334,,136,8,,0,0
o13349,0,185,34,0,0,0
o13400,14,142,508,0,0,0
o13401,2,62,51,0,9,0
o13402,1,1,162,0,0,1
o13403,3,3,477,0,0,3
o13404,2,,37,0,,1
o13435,0,10,15,0,0,0
o13655,2,,75,0,,0
o13656,1,39,3,0,1,0
o13663,1,1045,233,0,39,0
o13664,0,,114,0,,0
o13666,0,38,33,0,0,0
o13667,0,49,3,0,0,0
o13668,0,115,,0,0,
o13671,1,16,3,0,0,0
o13672,0,18,6,0,0,0
o13683,0,43,45,0,0,0
o13687,2,20,2,0,0,0
o13688,2,23,2,0,0,0
o13692,3,12,67,0,5,2
o13694,2,,317,0,,0
o13695,11,19,11,0,2,0
o13701,0,0,8,0,0,0
o13707,1,21,12,1,1,0
o13837,3,9,9,0,0,0
o13839,0,6,2,0,0,0
o13934,0,0,1023,0,0,0
o13945,0,0,20,0,0,0
o13947,0,0,23,0,0,0
o13948,0,0,7,0,0,0
o13952,0,0,45,0,0,0
o13977,0,12,8,0,0,0
o13981,0,47,20,0,0,0
o13985,0,4,13,0,0,0
o13989,0,6,19,0,0,0
o14025,2,190,18,0,0,0
o14077,0,,56,0,,0
o14078,0,,294,0,,12
o14324,2,2,2,0,0,0
o14325,3,3,3,0,0,0
o14406,,36,,,0,
o14412,5,14,13,0,2,0
o14421,1,1,1,0,0,0
o14426,5,27,18,0,5,0
o14451,0,6,8,0,0,0
o14452,0,10,4,0,0,0
o14457,3,809,29,0,0,0
o14458,0,,35,0,,0
o14459,5,12,25,0,0,1
o14461,2,6,10,0,0,0
o14464,0,2,14,0,0,0
o14466,0,31,73,0,0,0
o14471,0,0,5,0,0,0
o14473,2,77,14,0,0,0
o14474,0,,126,0,,0
o14475,5,11,15,0,0,0
o14478,0,,86,0,,4
o14479,5,19,11,0,0,1
o14485,1,9,5,0,1,0
o14490,2,83,10,0,0,0
o14491,1,67,15,0,0,0
o14495,0,361,307,0,0,3
o14497,5,766,9,0,0,0
o14509,0,21,10,0,0,0
o14512,0,255,32,0,7,0
o14513,0,60,24,0,0,0
o14514,0,4,86,0,0,0
o14528,0,402,554,0,16,20
o14530,0,130,26,0,0,0
o14633,0,0,8,0,0,0
o14723,0,0,10,0,0,0
o14741,0,10,4,0,0,0
o14742,4,,22,0,,0
o14743,2,27,3,0,0,0
o14744,8,150,8,0,0,0
o15101,2,49,2,0,0,0
o15102,1,,9,0,,0
o15103,2,,123,0,,1
o15105,3,,3,0,,0
o15111,0,,7,0,,0
o15123,0,,201,0,,0
o15131,,2,14,,0,0
o15172,0,0,201,0,0,2
o15178,0,0,294,0,0,0
o15197,0,3727,907,0,413,44
o15201,0,0,85,0,0,0
o15203,0,3,459,0,0,0
o15210,0,8,164,0,0,0
o15221,0,10,271,0,0,0
o15222,4,,319,0,,0
o15286,,,526,,,0
o1529,2,18,32,0,7,0
o15291,4,86,61,0,12,0
o15292,6,,6,0,,0
o15330,4,93,24,0,0,0
o15627,,12,472,,0,0
o15726,2,5,2,0,0,0
o15735,1,107,17,0,0,0
o16041,2,161,6,0,0,1
o16044,1,1,1,0,0,0
o16046,2,14,83,0,0,0
o16047,0,91,60,0,0,1
o16067,2,,39,0,,0
o16103,0,0,,0,0,
o16363,0,,1,0,,0
o16365,1,6,1,0,0,0
o16373,4,,,0,,
o16379,2,2,11,0,0,0
o16739,6,6,6,0,0,0
o16742,0,2,50,0,0,0
o16744,1,4,1,0,0,0
o16749,0,6,94,0,0,0
o16791,0,11,125,0,7,0
o17072,1,,23,0,,0
o17121,12,258,42,0,0,2
o17122,0,2,38,0,0,0
o17123,0,2,1,0,0,0
o17125,0,127,4,0,0,0
o17127,1,5,212,0,1,14
o17131,0,0,4,0,0,0
o17132,0,0,14,0,0,0
o17133,0,0,109,0,0,0
o17139,3,,5,0,,0
o17391,1,,171,0,,0
o17393,0,10,22,0,0,0
o17394,13,28,21,0,2,0
o17401,5,7,5,0,0,0
o17404,2,26,15,0,0,0
o17408,5,,5,0,,0
o17417,5,,18,0,,0
o17424,2,4,2,0,0,0
o17436,2,27,29,1,1,0
o17437,2,2,2,0,0,0
o17438,2,2,2,0,0,0
o17460,1,,1,0,,0
o17462,0,0,134,0,0,18
o17482,0,0,10,0,0,1
o17520,,982,93,,0,0
o17539,0,2122,73,0,0,0
o17546,1,98,1,0,1,0
o17547,1,,7,0,,0
o17565,6,,6,5,,0
o17568,1,,2,0,,0
o17591,0,90,220,0,0,0
o17599,1,16,3,0,1,0
o17600,0,30,20,0,0,0
o17602,14,16,16,0,2,0
o17608,0,9,2,0,1,0
o17611,3,6,3,0,2,0
o17614,0,13,2,0,1,0
o17616,3,191,2,0,1,0
o17628,0,16,5,0,0,0
o17631,,6,2,,2,0
o17633,,65,1,,1,0
o17635,3,405,3,0,3,0
o17637,1,,3,0,1,0
o17641,0,18,24,0,3,0
o17648,0,14,24,0,0,0
o17654,2,,2,0,,0
o17657,1,,1,0,,0
o17661,2,,2,0,1,0
o17663,1,12,50,0,1,2
o17665,3,14,3,0,1,0
o17668,0,10,12,0,2,0
o17674,2,4,3,0,0,0
o17675,1,9,1,0,0,0
o17676,2,,2,0,,0
o17678,0,,8,0,1,0
o17687,4,14,12,0,1,0
o17688,6,64,10,0,0,0
o17692,0,246,0,0,1,0
o17700,5,,,0,,
o17940,7,,13,0,,0
o17941,5,14,27,0,5,0
o17944,0,0,138,0,0,0
o17954,12,,312,0,,0
o17984,0,0,10,0,0,0
o17985,0,2,4,0,0,0
o17990,0,0,121,0,0,0
o18021,0,2,,0,0,
o18039,1,55,1,0,0,0
o18046,0,0,277,0,0,0
o18353,1,263,7,0,0,0
o18633,0,27,33,0,0,0
o18637,0,119,,0,0,
o18644,1,4,65,0,1,1
o18670,5,12,13,0,0,0
o18948,0,,300,0,1,0
o18949,0,,76,0,,0
o19003,4,4,4,0,0,0
o19022,4,,14,1,,0
o19031,2,,4,0,,0
o19057,2,58,1,1,1,0
o19062,4,,33,0,,0
o19065,12,,34,0,,0
o19066,2,177,2,0,0,0
o19067,,,3,0,,0
o19068,10,,41,0,,0
o19069,0,,53,0,,0
o19070,3,53,8,0,1,1
o19071,2,,32,0,,0
o19087,0,0,4,0,0,0
o19103,3,22,23,0,0,0
o19113,2,,367,0,,0
o19114,1,83,42,0,0,0
o19154,3,,68,0,,3
o19155,0,0,18,0,0,0
o19185,5,23,16,0,0,0
o19225,0,0,245,0,0,0
o19226,0,63,48,0,0,1
o19336,0,16,82,0,0,1
o19337,6,8,12,0,0,1
o19338,0,60,138,0,0,0
o19339,0,14,38,0,0,0
o19340,0,4,42,0,0,0
o19342,0,37,240,0,0,0
o19343,1,,,0,,
o19353,0,7,351,0,2,0
o19356,0,62,19,0,0,0
o19357,2,7,5,0,0,0
o19359,2,,9,0,,0
o19360,0,2067,240,0,0,0
o19361,8,708,40,0,0,0
o19363,0,16,0,0,0,0
o19364,1,7,23,0,0,0
o19365,0,0,36,0,0,0
o19978,0,6,4,0,0,0
o19980,0,11,10,0,0,0
o20,0,,1062,0,,32
o20254,2,,6,0,,0
o20258,1,1,175,0,0,0
o20271,0,18,6,0,0,0
o20272,3,58,168,0,1,0
o20375,8,37,7,0,8,0
o20376,1,10,1,0,1,0
o20389,0,2,10,0,0,0
o20390,0,0,122,0,0,0
o20452,0,,294,0,,0
o20453,4,,1098,0,,0
o20458,0,0,0,0,0,0
o20460,0,0,8,0,0,0
o20461,0,0,4,0,0,0
o20462,0,0,4,0,0,0
o20463,0,2,70,0,0,1
o20464,2,2,12,0,0,0
o20465,4,56,10,0,0,0
o20468,0,0,4,0,0,0
o20469,0,0,0,0,0,0
o20471,0,0,6,0,0,0
o20473,2,,4,0,,0
o20474,2,6,8,0,0,0
o20476,3,,4,0,,0
o20477,1,13,33,0,0,0
o20479,3,,3,0,,0
o20480,1,,1,0,,0
o20484,0,3,10,0,0,0
o20486,1,,7,0,,0
o20487,0,,4,0,,0
o20488,3,,7,0,,0
o20489,1,,2,0,,0
o2050,0,,36,0,,0
o20526,2,6,16,0,0,0
o20530,2,,2,0,,0
o20531,2,,47,0,,0
o2058,2,,4,0,,1
o2060,,62,2,,0,0
o2067,5,,14,0,,0
o2068,0,24,18,0,0,0
o2069,3,3,3,0,0,0
o21,0,,864,0,,24
o21082,2,3,18,0,0,0
o21083,4,4,11,0,0,1
o21087,3,5,7,0,0,0
o21089,2,18,6,0,0,0
o2109,0,,71,0,,0
o21091,4,10,10,0,0,0
o21093,3,3,12,0,0,1
o21095,4,11,36,0,0,1
o21096,3,3,17,0,0,0
o21097,2,2,24,0,0,0
o21099,2,2,10,0,0,0
o21100,2,22,5,0,0,1
o21103,0,0,20,0,0,0
o21108,9,15,14,3,0,0
o21112,7,,18,4,,0
o21114,2,10,12,0,0,0
o21156,7,,,0,,
o21157,17,,611,0,,6
o21159,4,,66,0,,1
o21160,8,,1724,0,,91
o21161,18,,1418,0,,0
o21163,6,,99,0,,0
o21164,7,,683,0,,1
o21165,18,,1402,0,,0
o21167,6,,44,0,,0
o21168,7,,,0,,
o21169,17,,1676,0,,4
o21171,5,,86,0,,0
o21172,8,,1977,0,,1
o21173,19,,1811,0,,15
o21174,0,0,49,0,0,0
o21175,7,,79,0,,0
o21176,7,,1818,0,,2
o21178,0,0,53,0,0,0
o21184,10,,1964,0,,3
o21185,21,,2010,0,,1
o21186,0,0,77,0,0,0
o21187,8,,98,0,,2
o21188,8,,1568,0,,5
o21189,18,,1725,0,,6
o21191,7,,72,0,,2
o21192,8,,1394,0,,1
o21193,20,,379,0,,0
o21194,0,0,2,0,0,0
o21195,6,,114,0,,0
o21196,9,,512,0,,3
o21197,20,,1418,0,,280
o21199,8,,53,0,,0
o21200,16,,841,0,,0
o21202,3,,55,0,,0
o21203,10,,1854,0,,317
o21205,0,0,10,0,0,0
o21207,9,,820,0,,1
o21209,0,0,9,0,0,0
o21211,7,,1683,0,,6
o21215,7,,879,0,,0
o21216,17,,1418,0,,0
o21217,0,0,82,0,0,0
o21218,5,,110,0,,2
o21219,9,,1554,0,,1
o21220,19,,1448,0,,0
o21221,0,0,2,0,0,0
o21222,7,,328,0,,2
o21223,8,,1316,0,,2
o21224,18,,1962,0,,0
o21225,0,0,2,0,0,0
o21226,6,,107,0,,0
o21227,8,,1511,0,,4
o21228,20,,640,0,,10
o21230,5,,75,0,,2
o21231,8,,1030,0,,8
o21232,18,,631,0,,2
o21234,5,,26,0,,0
o21235,5,,919,0,,211
o21239,7,,430,0,,7
o21240,17,,644,0,,2
o21242,4,,85,0,,0
o21243,7,,822,0,,2
o21244,17,,1462,0,,3
o21246,4,,183,0,,1
o21247,7,,1942,0,,0
o21248,17,,1339,0,,0
o21250,5,,94,0,,2
o21251,8,,196,0,,0
o21252,18,,1017,0,,9
o21254,6,,67,0,,0
o21255,7,,525,0,,4
o21256,17,,915,0,,17
o21258,5,,185,0,,10
o21259,7,,1438,0,,5
o21260,20,,1074,0,,22
o21262,6,,79,0,,2
o21263,7,,564,0,,5
o21264,19,,641,0,,2
o21266,4,,51,0,,0
o21267,10,,1749,0,,13
o21268,21,,602,0,,0
o21270,7,,85,0,,2
o21271,7,,592,0,,1
o21272,18,,823,0,,103
o21274,4,,43,0,,0
o21275,8,,986,0,,9
o21276,19,,383,0,,1
o21278,5,,47,0,,0
o21279,8,,1058,0,,5
o21280,18,,1160,0,,135
o21282,6,,47,0,,0
o21283,7,,1563,0,,4
o21284,18,,423,0,,99
o21285,0,0,100,0,0,0
o21286,5,,117,0,,4
o21287,7,,1228,0,,0
o21288,18,,1795,0,,5
o21289,0,0,48,0,0,0
o21290,5,,161,0,,7
o21291,7,,1279,0,,0
o21292,18,,902,0,,174
o21294,5,,201,0,,1
o21299,10,,403,0,,24
o21300,22,,1667,0,,0
o21302,8,,79,0,,0
o21303,8,,2223,0,,0
o21304,19,,1096,0,,1
o21305,0,0,99,0,0,0
o21306,7,,82,0,,0
o21307,7,,2776,0,,5
o21308,18,,1237,0,,112
o21310,5,,344,0,,1
o21311,7,,,0,,
o21312,17,,3415,0,,10
o21314,5,,793,0,,0
o21315,7,,960,0,,1
o21316,17,,1327,0,,4
o21318,5,,55,0,,0
o21319,7,,810,0,,5
o21320,16,,1010,0,,6
o21322,4,,75,0,,2
o21323,9,,1555,0,,1
o21324,19,,,0,,
o21326,5,,105,0,,0
o21327,8,,1271,0,,255
o21328,20,,1844,0,,5
o21329,0,0,19,0,0,0
o21330,7,,181,0,,0
o21331,4,,158,0,,2
o21332,5,,323,0,,0
o21334,3,,46,0,,0
o21335,8,,993,0,,4
o21339,7,,936,0,,7
o21343,7,,1747,0,,3
o21344,19,,313,0,,0
o21345,0,0,78,0,0,0
o21346,5,,66,0,,0
o21351,7,,1383,0,,6
o21352,16,,,0,,
o21354,5,,67,0,,1
o21355,7,,1382,0,,0
o21356,17,,1000,0,,3
o21358,4,,163,0,,0
o21359,7,,,0,,
o21360,17,,,0,,
o21361,0,0,2,0,0,0
o21362,4,,79,0,,0
o21363,8,,1621,0,,0
o21364,19,,1466,0,,15
o21366,7,,139,0,,0
o21367,7,,1391,0,,3
o21368,20,,1759,0,,0
o21370,6,,63,0,,0
o21371,8,,1163,0,,150
o21372,20,,1789,0,,1
o21374,3,,73,0,,0
o21375,9,,1498,0,,247
o21376,19,,1007,0,,1
o21378,6,,,0,,
o21379,11,,1392,0,,5
o21380,22,,1275,0,,3
o21381,0,0,24,0,0,0
o21382,8,,64,0,,2
o21383,9,,,0,,
o21384,18,,1440,0,,0
o21386,7,,87,0,,2
o21387,10,,769,0,,82
o21388,20,,1501,0,,2
o21389,0,0,31,0,0,0
o21390,8,,74,0,,1
o21391,9,,1010,0,,114
o21392,17,,736,0,,4
o21393,0,0,6,0,0,0
o21394,6,,95,0,,4
o21395,9,,520,0,,3
o21396,21,,597,0,,121
o21398,7,,64,0,,0
o21399,7,,1414,0,,2
o2140,1,20,1,0,0,1
o21400,17,,1940,0,,0
o21402,4,,46,0,,0
o21403,7,,1385,0,,1
o21404,16,,,0,,
o21405,0,0,86,0,0,0
o21406,5,,85,0,,0
o21407,9,,1442,0,,221
o21408,21,,1712,0,,0
o2141,1,714,8,0,0,0
o21410,7,,79,0,,1
o21411,7,,1200,0,,0
o21412,18,,579,0,,3
o21414,5,,134,0,,0
o21415,13,,524,0,,4
o21416,24,,1572,0,,0
o21418,11,,115,0,,2
o21419,8,,1138,0,,4
o2142,0,15,0,0,1,0
o21420,16,,1503,0,,2
o21421,0,0,56,0,0,0
o21422,6,,75,0,,0
o21423,7,,1838,0,,0
o21424,20,,924,0,,0
o21426,6,,34,0,,1
o21427,5,,624,0,,1
o21428,7,,1489,0,,5
o21429,17,,312,0,,0
o21431,4,,71,0,,0
o21432,7,,1570,0,,6
o21434,0,0,45,0,0,0
o21436,9,,1451,0,,5
o21437,19,,1204,0,,2
o21439,7,,184,0,,1
o21442,7,,562,0,,1
o21464,5,,5,0,,0
o21466,5,,7,0,,0
o21468,6,,15,0,,0
o21469,8,,8,0,,0
o21470,7,,7,0,,0
o21471,5,,6,0,,0
o21472,3,,3,0,,0
o21474,0,0,26,0,0,0
o21475,1,20,16,0,0,0
o21477,1,3,5,0,0,0
o21479,1,12,6,0,1,0
o21480,0,0,6,0,0,0
o21481,0,7,16,0,0,0
o21486,0,0,12,0,0,0
o21487,1,25,13,0,0,0
o21490,0,0,6,0,0,0
o21492,0,0,36,0,0,0
o21494,4,,4,0,,0
o21499,2,2,4,0,0,0
o21500,3,,3,0,,0
o21699,0,60,115,0,0,0
o21725,0,0,14,0,0,0
o21726,1,,16,0,,0
o21729,0,2,12,0,1,0
o21731,1,,1,0,,0
o21733,1,10,6,0,0,0
o21735,1,,17,0,,0
o21764,5,,119,0,1,1
o21768,1,3,1,0,0,0
o21771,4,,23,0,,0
o21779,1,44,25,0,2,0
o21780,1,41,141,0,8,8
o21819,,16,183,,2,1
o21820,2,24,42,0,0,0
o21828,1,,1,0,,0
o21840,2,59,332,0,0,0
o21846,1,4,58,0,3,0
o21847,1,22,7,0,0,0
o21848,2,,8,0,,0
o21849,4,,14,0,,0
o21850,4,,14,0,,0
o21851,4,,13,0,,0
o21852,4,,4,0,,0
o21855,3,3,3,0,2,0
o21858,2,3,17,0,3,0
o21861,2,,1,0,,0
o21862,1,1,1,0,1,0
o21864,2,10,3,0,0,0
o21865,0,55,4,0,0,0
o21868,1,25,7,0,0,0
o21869,0,5,19,0,0,0
o21909,0,109,34,0,0,0
o22,0,,389,0,,13
o22094,1,,,0,,
o22194,0,,7,0,,0
o22199,0,,13,0,,2
o2231,3,3,30,1,1,0
o22449,1,841,102,0,7,0
o22453,2,6,2,0,0,0
o2249,1,11,11,0,0,0
o2256,3,,3,0,,0
o23,0,14,70,0,1,0
o23086,0,4,8,0,0,0
o23087,2,2,12,0,0,0
o2312,2,12,163,1,1,0
o23148,1,,1,0,,0
o23176,0,121,64,0,0,0
o23177,3,48,178,0,19,0
o23230,4,29,39,0,2,0
o23494,4,34,3,0,0,0
o2379,0,30,86,0,0,0
o24172,1,276,76,0,0,0
o24174,3,3,60,0,0,0
o24176,1,3,24,0,0,0
o24180,4,,43,0,,0
o24182,0,0,11,0,0,0
o24189,0,0,2,0,0,0
o24196,1,4,4,0,0,0
o24202,1,3,1,0,0,0
o24462,6,,67,0,,0
o24463,4,278,,0,0,
o24464,21,225,151,0,49,1
o24465,2,2,3,0,0,0
o24466,2,68,147,0,7,0
o24468,3,3,64,0,0,1
o24474,0,8,5,0,0,0
o24503,1,,1,0,,0
o24544,0,8,4,0,0,0
o2460,0,42,12,0,0,0
o2463,0,52,14,0,0,0
o24891,,6,2,,0,0
o24930,0,0,0,0,0,0
o24956,0,,41,0,,0
o24957,0,,0,0,,0
o24958,0,,53,0,,0
o24987,5,5,,0,0,
o25106,3,,11,0,,0
o25107,1,1,1,0,0,0
o25166,0,6,4,0,0,0
o25175,0,42,4,0,0,0
o25177,0,6,4,0,0,0
o25182,0,177,4,0,0,0
o25183,,,1,,,0
o25406,1,,3,0,,0
o25419,2,22,5,0,1,0
o25423,1,10,463,0,3,14
o25692,0,454,15,0,6,0
o25695,0,480,44,0,8,3
o25711,0,165,41,0,0,0
o25731,5,4,13,1,1,0
o25733,1,107,28,0,1,0
o25741,1,74,56,0,0,0
o25751,5,5,13,1,1,0
o25763,0,161,31,0,10,0
o25768,0,345,21,0,10,2
o25771,0,21,30,0,5,2
o25781,0,171,75,0,0,0
o25793,0,0,2,0,0,0
o25803,0,10,6,0,0,0
o25804,1,3,9,0,0,0
o25805,0,5,30,0,0,0
o25806,1,25,51,0,0,0
o25886,0,0,0,0,0,0
o25939,4,34,17,0,0,0
o25942,0,5,2,0,0,0
o25945,5,5,5,0,0,0
o25947,1,24,1,0,1,0
o25952,2,24,3,0,2,0
o25953,4,33,4,0,2,0
o25956,0,25,14,0,2,0
o25962,3,,8,0,,0
o25968,2,8,2,0,0,0
o25969,1,58,2,0,1,1
o25970,0,5,31,0,2,0
o25974,5,63,5,0,3,0
o25975,2,78,6,0,0,0
o25976,0,5,2,0,2,0
o25978,4,6,22,0,1,0
o25979,6,119,17,0,0,0
o25980,1,5,3,0,1,0
o25981,2,22,2,0,0,0
o25982,1,19,3,0,0,0
o25988,1,,1,0,,0
o26111,2,28,17,0,1,0
o26117,0,101,36,0,0,0
o26118,0,140,13,0,0,0
o26197,0,39,20,0,0,0
o26198,0,202,,0,0,
o26216,2,2,2,0,0,0
o26217,2,29,98,0,7,0
o26257,1,,354,0,,0
o26314,0,2,1646,0,0,0
o26565,0,,81,0,,0
o26566,4,,266,0,,0
o26578,0,,2,0,,0
o26592,3,11,11,0,0,0
o26603,0,14,155,0,0,0
o26621,0,0,238,0,0,0
o26627,0,102,70,0,66,0
o26628,1,44,1,0,0,0
o26646,3,55,9,0,0,0
o26649,2,,92,0,,0
o26651,2,44,84,0,2,0
o26690,2,79,213,0,0,0
o26966,0,18,12,0,0,0
o26969,0,4,21,0,0,0
o26972,0,10,26,0,0,0
o26974,0,14,10,0,0,0
o26975,0,165,18,0,0,0
o26982,0,24,6,0,0,0
o26992,0,8,10,0,0,0
o27006,0,10,26,0,0,0
o27017,2,6,20,0,0,0
o27018,2,,14,0,0,0
o27019,0,2,22,0,0,0
o27021,0,74,2,0,0,0
o27022,0,,4,0,1,0
o27023,0,38,16,0,0,0
o27028,0,6,2,0,0,0
o27031,0,4,8,0,0,0
o27032,0,6,8,0,0,0
o27034,0,6,8,0,0,0
o27037,0,78,16,0,0,0
o27039,4,15,254,0,7,1
o27041,0,,,0,,
o27042,0,104,14,0,0,0
o27044,1,,1,0,,0
o27046,1,105,40,0,0,0
o27074,0,5,26,0,5,1
o27219,0,24,38,0,0,0
o27224,0,40,10,0,0,0
o27248,1,23,3,0,0,0
o27258,,12,,,0,
o27348,12,,,1,,
o27350,1,,3,0,,0
o27351,0,36,29,0,0,0
o27352,1,122,16,0,0,0
o27354,0,37,16,0,0,0
o27355,1,,7,0,,0
o27356,0,61,16,0,0,0
o27357,0,2,18,0,0,0
o27358,3,45,3,0,0,0
o27360,1,15,23,0,0,0
o27361,0,,30,0,,0
o27362,0,2,28,0,0,0
o27363,0,8,18,0,0,0
o27395,1,1,5,0,0,0
o27402,5,57,35,0,20,0
o27713,0,14,73,0,0,0
o27771,0,69,10,0,0,0
o27772,0,122,16,0,0,0
o27786,1,28,6,0,2,0
o27787,0,16,26,0,1,1
o27788,1,23,39,0,9,1
o27789,0,9,44,0,9,1
o27790,0,0,74,0,0,0
o27793,2,6,6,0,0,0
o27826,0,66,22,0,8,0
o27827,0,89,108,0,24,0
o27828,0,20,20,0,0,0
o27832,2,2,2,0,0,0
o27834,1,,1,0,,0
o27835,0,0,4,0,0,0
o27836,0,23,39,0,4,0
o27837,0,0,6,0,0,0
o27839,0,43,96,0,9,3
o27840,3,,27,0,,0
o27843,0,12,12,0,4,0
o27844,2,2,2,0,0,0
o27845,2,1,1,0,0,0
o27846,2,2,18,0,0,0
o27848,0,,12,0,,0
o28130,7,,29,0,,0
o28131,4,,12,0,,0
o28139,2,,2,0,,0
o28145,0,,5,0,,0
o28168,0,2,4,0,0,0
o28187,1,,4,0,,1
o28194,1,,2,0,,0
o28196,3,3,9,0,0,0
o28201,3,,6,0,,0
o28203,4,,4,0,,0
o28206,1,,5,0,,0
o28210,1,,1,0,,0
o28226,2,3,5,0,1,0
o28242,0,14,9,0,0,0
o28254,2,,4,0,,0
o28256,3,9,9,0,0,0
o28258,0,0,8,0,0,0
o28259,0,0,6,0,0,0
o28260,0,0,10,0,0,0
o28263,1,3,3,0,0,0
o28266,0,0,4,0,0,0
o28268,0,0,6,0,0,0
o28269,0,0,6,0,0,0
o28277,9,9,2,1,1,0
o28532,1,5,1,0,0,0
o28533,0,205,70,0,0,0
o28606,0,19,21,0,0,0
o28609,8,10,10,0,0,0
o28610,0,,1544,0,,0
o28612,8,10,13,0,0,0
o28613,0,,310,0,,0
o28614,8,10,10,0,0,0
o28617,8,,51,0,,0
o28618,8,,435,0,,0
o28953,0,469,38,0,0,0
o28956,4,106,36,0,0,0
o29019,0,0,68,0,0,0
o29020,0,0,581,0,0,0
o29021,4,5,13,1,1,0
o29023,,,6,,,0
o29024,1,2,3,0,0,0
o29042,0,0,4,0,0,0
o29388,6,99,276,0,1,1
o29389,0,20,185,0,2,3
o29393,6,,185,0,,0
o29394,3,78,27,0,1,0
o29445,0,0,67,0,0,0
o2965,2,33,7,0,0,0
o29764,0,0,60,0,0,0
o29812,1,3,5,0,0,0
o29813,2,9,23,0,0,0
o29932,0,43,48,0,0,1
o29934,0,12,30,0,0,1
o29941,0,45,38,0,0,0
o29942,0,4,34,0,0,0
o29959,0,368,12,0,0,0
o29961,0,20,32,0,0,0
o29967,0,30,104,0,0,1
o29987,0,128,14,0,0,1
o29989,0,0,34,0,0,0
o29990,0,10,28,0,0,0
o29991,0,13,22,0,0,1
o30001,0,12,150,0,0,23
o30004,0,35,18,0,0,0
o30006,0,38,24,0,0,0
o30013,0,34,30,0,0,0
o30022,0,129,78,0,0,0
o30027,0,20,42,0,0,2
o30029,0,4,28,0,0,0
o30042,0,4,20,0,0,0
o30045,0,36,26,0,0,1
o30059,0,18,52,0,0,2
o30060,0,4,10,0,0,1
o30062,0,9,12,0,0,0
o30076,0,6,12,0,0,0
o30094,0,16,48,0,0,0
o30119,0,0,72,0,0,0
o30125,0,42,10,0,0,0
o30126,0,2,6,0,0,0
o30134,0,0,48,0,0,0
o30141,0,20,102,0,0,1
o30146,0,0,162,0,0,0
o30153,0,0,50,0,0,0
o30160,0,167,98,0,0,0
o30180,0,11,46,0,0,0
o30212,0,0,48,0,0,1
o30213,0,9,28,0,0,0
o30219,0,2,24,0,0,0
o30221,0,96,54,0,0,0
o30222,0,10,106,0,0,0
o30227,0,66,142,0,0,0
o30230,0,15,36,0,0,0
o30231,0,100,24,0,0,0
o30259,0,18,62,0,0,0
o30262,0,6,22,0,0,0
o30263,0,0,156,0,0,0
o30265,0,16,32,0,0,1
o30271,0,30,6,0,0,0
o30275,0,64,20,0,0,1
o30283,0,4,10,0,0,1
o30284,0,388,26,0,0,0
o30286,0,8,34,0,0,0
o30287,0,15,60,0,0,0
o30305,0,10,12,0,0,1
o30308,0,33,30,0,0,1
o30309,0,0,38,0,0,0
o30322,0,16,32,0,0,1
o30341,0,144,18,0,0,0
o30342,0,25,134,0,0,0
o30360,0,19,6,0,0,1
o30369,0,8,178,0,0,0
o30398,0,33,26,0,0,1
o30410,0,20,34,0,0,0
o30411,0,12,34,0,0,1
o30422,0,4,18,0,0,0
o30423,0,8,2,0,0,0
o30439,0,61,58,0,0,0
o30452,0,254,14,0,0,0
o30464,0,100,10,0,0,0
o30466,0,6,4,0,0,0
o30467,0,10,30,0,0,0
o30473,0,2,34,0,0,0
o30476,0,2,8,0,0,0
o30477,0,8,90,0,0,0
o30485,0,13,8,0,0,0
o30488,0,2,96,0,0,0
o30491,0,4,24,0,0,0
o30506,0,67,8,0,0,1
o30510,0,31,8,0,0,0
o30517,0,0,18,0,0,2
o30518,0,8,34,0,0,3
o30521,0,47,24,0,0,0
o30532,0,4,256,0,0,0
o30538,0,8,24,0,0,1
o30544,0,12,122,0,0,0
o30568,0,231,22,0,0,0
o30579,0,56,48,0,0,0
o30582,0,6,18,0,0,0
o30593,0,6,6,0,0,0
o30604,0,16,10,0,0,0
o30614,0,14,16,0,0,0
o30623,0,24,154,0,0,0
o30625,0,8,32,0,0,0
o30633,0,18,174,0,0,0
o30651,0,12,32,0,0,1
o30654,0,139,36,0,0,0
o30655,0,4,14,0,0,0
o30671,0,49,16,0,0,0
o30698,0,0,98,0,0,1
o30699,0,30,34,0,0,1
o30701,0,11,28,0,0,0
o30734,0,10,32,0,0,0
o30735,0,26,78,0,0,1
o30745,0,6,184,0,0,3
o30747,0,27,32,0,0,0
o30752,0,647,10,0,0,0
o30756,0,6,24,0,0,0
o30757,0,10,18,0,0,0
o30758,0,36,22,0,0,0
o30761,0,43,28,0,0,1
o30762,0,14,84,0,0,1
o30764,0,20,42,0,0,0
o30766,0,18,70,0,0,0
o30769,0,16,188,0,0,0
o30775,0,16,16,0,0,0
o30776,0,8,42,0,0,1
o30784,0,0,64,0,0,0
o30802,0,327,8,0,0,1
o30803,0,28,10,0,0,0
o30804,0,4,98,0,0,0
o30815,0,18,14,0,0,0
o30832,0,118,16,0,0,1
o30846,0,12,36,0,0,0
o30847,0,4,38,0,0,1
o30856,0,10,24,0,0,1
o30867,0,191,24,0,0,1
o30871,0,8,12,0,0,0
o30877,0,135,26,0,0,1
o30892,0,2,16,0,0,0
o30899,0,16,8,0,0,0
o30911,0,122,44,0,0,1
o30922,0,6,60,0,0,2
o30940,0,53,48,0,0,0
o30949,0,8,36,0,0,0
o30959,0,14,54,0,0,1
o30962,0,12,6,0,0,0
o30973,0,458,144,0,0,0
o30981,0,23,16,0,0,0
o30988,0,58,44,0,0,0
o30994,0,4,40,0,0,0
o31007,0,2,100,0,0,0
o31008,0,14,8,0,0,0
o31032,0,2,16,0,0,1
o31042,0,4,40,0,0,0
o31043,0,10,14,0,0,0
o31055,0,8,16,0,0,1
o31057,0,92,96,0,0,0
o31058,0,6,28,0,0,1
o31059,0,4,14,0,0,0
o31060,0,20,16,0,0,1
o31089,0,10,2,0,0,0
o31090,0,8,24,0,0,0
o31092,0,14,12,0,0,0
o31097,0,21,28,0,0,0
o31100,0,404,10,0,0,0
o31108,0,14,26,0,0,1
o31109,0,0,18,0,0,1
o31112,0,4,18,0,0,0
o31117,0,30,2,0,0,0
o31121,0,12,6,0,0,1
o31132,0,510,20,0,0,1
o31136,0,77,38,0,0,1
o31158,0,42,14,0,0,1
o31163,0,12,14,0,0,0
o31168,0,14,14,0,0,0
o31171,0,2,94,0,0,1
o31175,0,8,4,0,0,0
o31176,0,31,118,0,0,0
o31177,0,10,30,0,0,0
o31185,0,2,8,0,0,0
o31201,0,26,44,0,0,0
o31242,0,2,8,0,0,0
o31244,0,172,60,0,0,1
o31276,2,,2,0,,0
o31277,3,,3,0,,0
o31282,0,1043,139,0,0,0
o31289,0,,44,0,,0
o31290,0,2,101,0,0,0
o31291,2,,33,0,,0
o31293,3,3,14,0,0,0
o31337,0,6,4,0,0,0
o31339,,,2,,,0
o31350,3,19,3,0,0,0
o31351,5,,140,4,,0
o31352,2,2,51,0,0,2
o31362,0,0,38,0,0,0
o31545,0,2,6,0,0,0
o31608,0,108,6,0,0,0
o31612,0,10,10,0,0,0
o31623,0,15,6,0,0,0
o31638,0,65,26,0,0,0
o31646,0,25,16,0,0,0
o31835,0,263,20,0,0,0
o31936,0,19,30,0,0,0
o31994,0,14,80,0,0,0
o32011,0,115,62,0,0,1
o32020,0,46,36,0,0,0
o32026,0,16,76,0,0,0
o3206,0,217,8,0,0,0
o32069,0,4,34,0,0,0
o3211,0,136,6,0,0,0
o3212,1,3,233,0,1,0
o32227,0,42,34,0,0,0
o32246,0,341,16,0,0,0
o32289,0,4,20,0,0,0
o32436,0,0,146,0,0,0
o32437,0,0,13,0,0,0
o32451,0,,467,0,,30
o32474,0,28,27,0,0,0
o32477,0,79,10,0,0,0
o32478,0,57,4,0,0,0
o32480,0,0,18,0,0,0
o32481,0,22,6,0,0,0
o32485,0,107,2,0,0,0
o32487,0,10,6,0,0,0
o32488,0,11,8,0,0,0
o32494,1,9,27,0,0,0
o32498,1,1,1,0,0,0
o32502,0,4,4,0,0,0
o32509,2,10,6,0,0,0
o32511,5,12,9,0,0,0
o32512,0,2,6,0,0,0
o32514,0,25,8,0,0,0
o32592,0,0,30,0,0,0
o32645,0,8,350,0,0,0
o32648,5,47,7,0,5,0
o32662,2,,,0,,
o32665,1,1,,0,0,
o32668,1,,,0,,
o32672,,0,,,0,
o32715,0,1723,166,0,38,0
o32735,1,33,1,0,0,0
o32736,,38,8,,0,0
o32806,0,0,54,0,0,0
o32807,1,3,4,0,1,0
o32847,4,544,10,0,0,0
o32917,0,237,169,0,15,0
o32919,0,57,2,0,0,0
o32962,3,17,9,0,0,0
o32963,1,1,3,0,0,0
o33011,7,24,,0,2,
o33017,0,1329,17,0,0,0
o33027,0,55,103,0,0,0
o33028,2,33,164,0,0,0
o33032,0,,1293,0,,44
o33033,0,16,259,0,0,0
o33129,0,54,118,0,15,0
o33192,2,,85,0,,10
o33193,0,62,30,0,0,0
o33423,12,79,,0,,
o33426,3,18,126,0,0,0
o33679,6,,68,0,,0
o33682,5,,64,0,,0
o33683,5,,76,0,,0
o33684,4,,60,0,,0
o33687,6,5,36,0,0,0
o33692,0,60,16,0,0,0
o33693,8,,,0,,
o33695,3,,,0,,
o33696,8,,,0,,
o33698,3,160,52,0,0,0
o33700,2,,28,0,,0
o33701,2,,40,0,,0
o33702,3,11,9,0,0,0
o33704,3,275,37,0,0,0
o33706,2,4,2,0,0,0
o33707,3,3,3,0,0,0
o33708,3,337,18,0,0,0
o33714,1,,,0,,
o33732,0,0,20,0,0,0
o33733,1,229,67,0,0,0
o33778,2,171,175,0,0,0
o33783,0,30,55,0,0,0
o33784,0,229,7,0,0,0
o33825,5,243,11,0,0,0
o33831,0,177,23,0,0,0
o33832,2,,5,0,,0
o33834,1,,24,0,,0
o3385,0,0,128,0,0,1
o33924,20,,46,0,,0
o33925,0,50,40,0,0,0
o33932,5,,57,0,,0
o33933,4,27,28,0,7,1
o33938,4,4,23,0,4,0
o33939,3,133,46,0,1,0
o33940,0,153,14,0,0,0
o33942,0,1,4,0,1,0
o33964,13,51,67,0,12,1
o33965,1,66,48,0,0,0
o33966,0,57,10,0,0,0
o34210,1,,1,0,,0
o34211,0,0,2,0,0,0
o34336,7,7,9,0,0,0
o34351,0,8,55,0,0,0
o34358,3,,5,0,,0
o34361,0,0,0,0,0,0
o34362,2,,14,0,,0
o34373,0,4,10,0,0,0
o34374,0,32,20,0,0,0
o34383,,38,665,,0,0
o34384,0,66,163,0,0,0
o3439,0,385,61,0,0,0
o3446,0,6,10,0,0,0
o34462,3,17,3,0,0,0
o3454,3,7,7,0,2,0
o3456,11,16,41,0,2,0
o3460,11,15,182,0,2,0
o3472,2,,40,0,,0
o34759,0,10,150,0,0,0
o34851,6,90,40,0,2,0
o34871,2,,132,0,,4
o34872,0,,164,0,,25
o34889,1,,25,0,,0
o34896,0,24,46,0,0,0
o34897,0,27,42,0,0,0
o34898,0,24,8,0,0,0
o34899,7,73,72,0,1,0
o35154,0,72,14,0,0,0
o35166,3,,11,0,,0
o35167,2,,4,0,,0
o35168,0,32,2,0,0,0
o3518,0,31,105,0,0,0
o35186,2,,931,0,,0
o35233,0,,16,0,,0
o3545,0,26,14,0,0,0
o35505,0,0,2,0,0,0
o35767,0,160,64,0,0,1
o35771,2,,12,0,,0
o35772,4,4,8,0,0,0
o35773,4,4,4,0,0,0
o35775,2,2,4,0,0,0
o35778,1,,4,0,,0
o35779,0,71,10,0,0,0
o35798,4,,40,0,,0
o358,43,,7,0,,3
o35815,4,11,38,0,1,1
o35830,0,2,12,0,3,0
o35866,0,0,0,0,0,0
o35868,0,23,16,0,0,0
o35870,2,102,90,0,7,0
o359,1,6,50,0,2,3
o35904,0,0,8,0,0,
o35905,0,169,10,0,0,0
o35907,0,,42,0,,0
o35924,0,,15,0,,0
o35936,0,,27,0,,0
o35937,0,,14,0,,0
o360,6,,75,0,,3
o36008,0,0,106,0,0,0
o36009,,473,38,,0,0
o36010,0,3,403,0,1,0
o36011,0,24,1589,0,0,0
o36012,0,12,,0,0,
o36016,0,2,64,0,0,3
o36073,0,0,22,0,0,0
o36075,,0,11,,0,0
o36151,1,999,57,0,0,0
o36153,0,,217,0,,0
o3616,0,16,14,0,0,0
o3617,0,164,22,0,0,0
o3620,0,2,8,0,0,0
o36222,3,42,7,0,1,0
o3625,0,0,636,0,0,0
o36250,1,,1,0,,0
o36252,0,2,16,0,0,0
o3626,5,25,30,0,2,0
o36264,1,13,1,0,1,0
o36270,0,18,2,0,0,0
o36272,0,0,2,0,0,0
o36276,4,,77,0,,0
o36429,1,,13,1,,0
o36440,0,0,26,0,0,0
o36441,0,8,16,0,0,0
o36452,0,8567,430,0,0,0
o36457,4,,194,0,,0
o36460,0,0,10,0,0,0
o36461,1,1,1,0,0,0
o36463,1,1,1,0,0,0
o36464,1,1,1,0,0,0
o36468,,5,3,,0,0
o36469,,132,3,,0,0
o36571,2,6,55,0,0,0
o36572,,0,14,,0,0
o36573,0,0,444,0,0,0
o36591,15,40,77,3,6,0
o36594,1,8,8,0,0,0
o36595,4,,7,0,,0
o36596,3,,10,0,,0
o36598,2,185,4,0,0,0
o36599,3,129,27,0,0,0
o366,1,,4,0,1,0
o36600,2,7,19,0,0,0
o36641,0,16,22,0,0,0
o36645,0,37,8,0,0,0
o36779,0,0,187,0,0,12
o36788,0,231,19,0,7,0
o36797,0,,,0,,
o36798,13,33,13,0,7,0
o369,5,,5,0,,0
o37060,1,5,36,0,4,0
o37070,0,42,,0,2,
o37075,0,2,16,0,0,0
o37085,2,,8,0,,0
o37086,4,,32,0,,0
o37087,0,,2,0,,0
o37088,3,,3,0,,0
o37090,2,,10,0,,0
o37092,2,,2,0,,0
o37094,4,,60,0,,0
o37095,3,,3,0,,0
o37096,3,,3,0,,0
o37097,4,,6,0,,0
o37098,1,,7,0,,0
o37102,2,16,208,0,0,0
o373,3,9,627,0,1,0
o374,0,4,34,0,4,0
o37415,1,4,77,0,3,0
o375,0,63,45,0,0,0
o37603,1,27,,0,6,
o37609,1,88,75,0,0,0
o37614,1,68,,0,2,
o37615,1,3,,0,2,
o37624,2,807,22,0,0,0
o37649,0,,42,0,,1
o37682,9,,31,0,,0
o37714,0,0,81,0,0,0
o37715,6,,5,0,,0
o37717,4,,228,0,,0
o37718,1,,,0,,
o37721,7,7,39,0,0,0
o37722,4,13,14,0,1,0
o37724,2,,6,0,,0
o37725,3,,3,0,,0
o37727,0,5,227,0,3,0
o37728,3,,,0,,
o37729,2,5,591,0,2,0
o37730,4,,,0,,
o37731,4,,,0,,
o37786,0,,6,0,1,0
o37787,0,,4,0,1,0
o37788,0,,6,0,1,0
o37789,2,,192,0,1,1
o38403,2,,77,0,,0
o38404,0,,157,0,,0
o38405,9,,137,0,,0
o38429,0,16,34,0,0,0
o38433,0,2,17,0,0,0
o38438,1,21,17,0,0,0
o38444,0,156,12,0,0,0
o38445,0,6,4,0,0,0
o38538,0,19,59,0,0,1
o38540,2,338,29,0,0,0
o38553,3,7,3,0,0,0
o38619,6,12,24,0,0,0
o38637,0,1013,255,0,106,0
o38670,1,,,0,1,
o38671,8,,159,0,1,1
o38735,0,0,35,0,0,0
o3895,0,38,67,0,8,1
o3905,0,0,2,0,0,0
o3906,1,3,1,0,1,0
o3907,2,200,117,0,0,0
o39075,15,,19,0,,0
o39077,0,,4,0,,0
o39078,8,,10,0,,0
o39080,4,33,34,0,4,0
o39081,2,,10,0,,0
o39082,2,,5,0,,0
o39084,5,20,9,1,0,1
o39085,2,2,4,0,0,0
o39086,3,,13,0,,0
o39088,5,,12,0,,0
o39097,0,0,54,0,0,4
o39113,1,96,101,0,1,0
o39137,2,2,31,0,0,0
o39138,1,3,1,0,0,0
o3914,0,,65,0,,0
o39141,4,,9,0,,0
o39143,3,53,9,0,0,0
o39146,2,6,26,0,1,0
o39147,9,42,13,0,3,0
o39150,4,124,2,1,1,1
o39165,0,110,5,0,0,0
o39166,0,228,16,0,0,0
o39168,1,,2,0,1,0
o39176,0,,6,0,,0
o3920,0,18,6,0,6,0
o39208,0,0,6,0,0,0
o39210,0,0,557,0,0,86
o39214,0,1,,0,0,
o3922,1,14,9,0,6,0
o3923,1,11,9,0,5,0
o39230,1,2,4,0,0,0
o39233,0,0,94,0,0,5
o3924,3,,8,0,,0
o3925,0,1,112,0,1,4
o39256,1,166,68,0,0,0
o393,6,6,6,0,0,0
o39367,2,59,29,0,0,0
o39369,1,73,898,0,3,0
o39396,2,15,7,0,1,0
o39420,3,,34,0,,0
o39423,0,0,3,0,0,0
o39424,0,0,7,0,0,0
o39426,0,0,18,0,0,0
o39428,0,0,4,0,0,0
o39429,0,0,8,0,0,0
o39431,1,727,1,0,5,0
o39432,0,0,6,0,0,0
o39434,0,0,10,0,0,0
o39435,0,0,22,0,0,0
o39436,0,0,16,0,0,0
o39437,0,0,7,0,0,0
o39439,0,0,2,0,0,0
o39440,0,1,0,0,0,0
o39441,0,0,4,0,0,0
o39442,0,0,2,0,0,0
o39443,0,0,2,0,0,0
o39444,,18,160,,0,6
o39445,0,28,14,0,0,0
o39447,0,6,44,0,0,0
o39448,0,32,,0,0,
o39452,0,10,16,0,0,0
o39484,0,,18,0,,0
o39491,2,,26,0,,0
o39494,3,3,3,0,0,0
o39497,4,,4,0,,0
o39505,3,3,3,0,0,0
o39508,3,,5,0,,0
o39514,2,2,2,0,0,0
o39515,3,3,3,0,0,0
o39520,0,18,8,0,0,0
o39527,1,,163,0,,0
o39529,1,25,8,0,0,0
o39532,3,7,596,0,0,0
o39535,5,180,207,0,2,59
o39536,0,2143,144,0,0,0
o39721,2,,24,0,,0
o39722,,62,19,,1,0
o39749,,0,30,,0,0
o39751,1,12,310,0,0,0
o39754,0,20,35,0,0,0
o39766,4,4,4,0,0,0
o39767,7,9,7,0,0,0
o39780,2,,5,0,,0
o39794,1,,120,0,,0
o39871,0,232,10,0,0,0
o40179,2,20,18,0,0,0
o40180,3,3,9,0,0,0
o40181,6,,7,0,,0
o40220,4,47,20,0,0,0
o40222,2,11,6,0,0,0
o40223,2,2,2,0,0,0
o40224,3,3,3,0,0,0
o40225,2,2,2,1,1,0
o40228,2,34,2,0,2,0
o40229,1,60,1,0,1,0
o40346,1,,9,0,,0
o40349,1,,1,0,,0
o40350,5,5,5,0,1,0
o40351,1,,5,0,,0
o40352,1,,2,0,,0
o40353,1,,1,0,,0
o40355,0,,0,0,,0
o40357,7,10,10,1,1,0
o40360,3,84,311,0,7,1
o40388,7,17,130,0,0,0
o40395,4,,35,0,,0
o40454,23,,179,0,,5
o4050,1,,1,0,,0
o40744,1,29,5,0,0,0
o40753,,8,10,,0,0
o40778,3,359,14,0,0,0
o40779,6,,50,0,,0
o41033,2,3,3,0,3,0
o41044,0,27,2,0,0,0
o41046,0,7,65,0,0,0
o41049,3,3,3,0,1,0
o41072,0,9,,0,8,
o41074,0,307,14,0,0,0
o41077,0,6,8,0,0,0
o41081,2,31,334,0,0,0
o41096,0,38,12,0,0,0
o4139,0,0,118,0,0,0
o41609,1,,1,0,,0
o41645,0,,1,0,,0
o41658,0,,0,0,,0
o41679,2,2,1,0,1,0
o41698,5,109,6,0,0,0
o41699,9,,36,0,,0
o41702,1,,0,0,,0
o41710,0,,1,0,,0
o41717,4,4,3,0,0,0
o41729,0,0,6,0,0,0
o41730,0,0,33,0,0,0
o41731,0,0,6,0,0,0
o41733,1,,1,0,,0
o41735,0,,,0,,0
o41750,2,26,4,0,0,0
o41759,,,71,,,0
o41764,0,0,13,0,0,0
o41765,0,,33,0,,0
o41787,1,3,1,0,0,0
o41800,0,112,70,0,0,0
o41802,0,49,15,0,0,0
o41803,0,352,64,0,0,0
o41810,0,0,92,0,0,0
o4197,2,,188,0,,12
o42021,0,286,18,0,0,1
o42024,3,3,3,0,0,0
o42026,1,,577,0,,0
o42027,1,,49,0,,0
o42028,0,13,12,0,0,0
o42029,5,,74,0,,0
o42041,1,,76,0,,0
o42054,0,,347,0,,0
o42056,1,,144,0,,0
o42057,1,,175,0,,0
o42058,0,,290,0,,0
o42127,2,306,247,0,0,0
o42140,0,40,130,0,0,0
o42146,5,11,5,0,0,0
o42148,2,35,110,0,11,10
o42149,0,,0,0,,0
o42156,0,6,1,0,1,0
o42158,0,1,0,0,1,0
o42159,1,31,1,0,1,0
o42161,0,59,1,0,1,0
o42167,1,15,1,0,0,0
o42168,0,51,57,0,0,0
o42169,0,2,17,0,0,0
o42170,0,343,12,0,0,0
o42178,0,97,,0,0,
o42179,0,38,11,0,0,0
o42180,,18,,,0,
o42181,,4,,,0,
o42186,0,29,5,0,0,0
o42187,0,226,28,0,0,0
o42208,0,,28,0,,0
o42212,0,77,14,0,0,0
o42215,0,,,0,,0
o42216,2,118,45,0,3,0
o42217,2,16,932,1,8,0
o42223,0,120,49,0,0,0
o42252,0,419,381,0,11,0
o42253,1,,119,0,,0
o42282,0,6,31,0,0,0
o42283,0,14,12,0,0,0
o42284,0,383,6,0,0,0
o42285,0,26,22,0,0,0
o42286,0,12,36,0,0,0
o42287,0,6,12,0,0,0
o42288,0,8,26,0,0,0
o42289,0,12,10,0,0,0
o42290,0,86,20,0,0,0
o42291,1,5,13,0,0,0
o42292,0,21,12,0,0,0
o42293,0,40,4,0,0,0
o42295,0,,6,0,1,0
o42296,0,4,22,0,0,0
o42297,0,63,2,0,0,0
o42298,0,271,51,0,0,0
o42299,0,0,14,0,0,0
o42300,0,40,25,0,0,0
o42301,0,35,10,0,0,0
o42302,0,2,15,0,0,0
o42303,0,8,20,0,0,0
o42304,0,35,36,0,0,0
o42305,0,4,6,0,0,0
o42306,0,24,40,0,0,0
o42307,0,8,41,0,0,0
o42308,0,6,16,0,0,0
o42309,0,18,10,0,0,0
o4231,,0,18,,0,0
o42312,0,,22,0,,0
o4234,0,28,6,0,0,0
o4236,2,,10,0,,0
o42456,3,1597,13,0,0,0
o4249,0,28,14,0,5,0
o42515,3,9,9,0,5,0
o42519,0,37,10,0,0,0
o42521,1,3,9,0,2,0
o42523,0,2,8,0,0,0
o42525,1,3,5,0,2,0
o42527,1,3,11,0,1,0
o42529,1,3,15,0,1,0
o42534,0,10,4,0,0,0
o42536,0,8,10,0,0,0
o42540,0,38,4,0,0,0
o42546,2,6,10,0,1,0
o42552,2,,6,0,,0
o42560,2,2,18,0,2,0
o42566,2,,10,0,,0
o42568,2,6,2,0,1,0
o42575,2,,5,0,,0
o42576,2,6,24,0,2,0
o42578,2,2,28,0,2,0
o42580,2,2,18,0,2,0
o42598,2,6,24,0,2,0
o42599,2,2,2,0,2,0
o42601,2,6,24,0,2,0
o42606,1,9,11,0,1,0
o42607,1,3,15,0,1,0
o42609,1,,1,0,,0
o42650,1,11,11,0,1,0
o42651,1,17,42,0,1,0
o42653,1,,17,0,,0
o42660,1,161,36,0,0,0
o42662,1,11,44,0,0,0
o42664,1,142,42,0,2,0
o42666,1,3,30,0,1,0
o42667,1,13,1,0,1,0
o42668,1,19,1,0,3,0
o42670,1,9,7,0,1,0
o42697,1,3,41,0,0,0
o42712,1,14,54,0,1,0
o42792,2,,6,0,,0
o42810,1,15,35,0,1,0
o42814,1,,27,0,,0
o42855,1,9,21,0,1,0
o42866,1,5,37,0,2,0
o42888,2,,8,0,,0
o42889,2,,20,0,,0
o42890,2,,12,0,,0
o42892,2,6,12,0,2,0
o42964,1,18,32,0,0,0
o42976,0,0,8,0,0,0
o42980,1,14,7,0,4,0
o42981,0,225,12,0,0,0
o42982,2,3,2,0,1,0
o42983,1,,8,0,,0
o42984,1,57,3,0,2,0
o42985,0,96,41,0,7,2
o42986,0,6,6,0,0,0
o42988,0,89,4,0,0,0
o42989,0,9,36,0,1,0
o42992,0,0,4454,0,0,15
o42994,6,24,39,1,6,0
o43004,2,34,3,0,0,0
o43007,0,136,16,0,0,0
o43008,5,21,7,0,0,0
o43009,32,,92,0,,0
o43012,49,,3474,0,,0
o43017,1,932,87,0,26,5
o43018,2,18,260,0,0,0
o43029,1,,17,0,,0
o43042,2,,7,0,,0
o43045,5,,15,0,,0
o43046,18,,3180,0,,1311
o43079,3,47,5,0,1,0
o43083,1,,15,0,,1
o43114,3,,28,0,,0
o43189,2,2,80,0,0,4
o43193,0,80,16,0,0,0
o43196,15,18,17,0,4,19
o43198,0,3,60,0,3,0
o43202,0,1,45,0,1,0
o43203,0,37,32,0,11,0
o43207,0,9,13,0,8,0
o43209,0,5,85,0,5,0
o43210,17,16,21,0,0,0
o43218,8,8,8,0,0,0
o43219,1,24,64,0,13,0
o43222,5,5,5,0,0,0
o43224,11,11,11,0,0,0
o43232,0,77,65,0,28,0
o43234,4,4,4,0,0,0
o43278,0,70,14,0,0,0
o43291,2,3,2,0,1,0
o43292,1,1,5,0,0,0
o43293,3,,15,0,,0
o43294,0,70,6,0,0,0
o43295,0,112,56,0,0,0
o43296,0,7,130,0,5,0
o43297,1,,30,0,,0
o43298,0,16,53,0,0,0
o43309,0,350,59,0,0,0
o43322,1,242,11,0,0,0
o43323,0,0,4,0,0,0
o43342,0,,48,0,,0
o43343,,,23,,,0
o43344,4,,14,0,,0
o43345,0,,167,0,,2
o4354,4,54,24,0,2,0
o4360,0,28,113,0,0,0
o43729,1,3,7,0,1,0
o43970,1,1,1,0,0,0
o43971,2,6,16,0,0,0
o43974,2,2,2,0,0,0
o43976,0,0,6,0,0,0
o43977,1,3,1,0,0,0
o43979,1,,1,0,,0
o43981,0,0,5,0,0,0
o43982,1,3,3,0,0,0
o43985,1,,128,0,,0
o43986,1,3,3,0,0,0
o43988,4,,6,0,,0
o43991,5,,38,0,,3
o43992,4,,4,0,,0
o43993,3,,3,0,,0
o43994,4,,151,0,,0
o43995,1,,2,0,,0
o43997,2,6,4,0,0,0
o43998,1,,4,0,,0
o43999,2,,3,0,,0
o44006,0,0,0,0,0,0
o44008,1,,4,0,,0
o44009,0,0,13,0,0,0
o44010,0,0,2,0,0,0
o44020,2,,4,0,,0
o44022,0,0,8,0,0,0
o44051,5,,7,0,,0
o44052,2,,8,0,,0
o44097,2,,4,0,,0
o44119,1,,1,0,,0
o44126,1,,0,0,,0
o4413,0,25,1316,0,8,0
o44130,2,2,2,0,0,0
o44135,4,33,3,0,0,0
o44186,1,,19,0,,0
o44187,2,,5,0,,0
o44188,1,,1,0,,0
o44189,1,,11,0,,0
o44190,1,,5,0,,0
o44194,0,158,770,0,0,0
o44196,8,,56,0,,0
o44202,4,705,148,0,43,0
o44203,2,,6,0,,0
o44204,2,2,8,0,1,0
o44205,2,12,24,0,1,0
o44206,2,8,17,0,1,0
o44208,0,2,8,0,0,0
o44213,1,6,407,0,1,0
o44225,0,36,513,0,0,0
o44227,0,366,4,0,0,0
o44228,0,11,12,0,0,0
o44231,0,8,6,0,0,0
o44234,0,10,10,0,0,0
o44238,0,601,8,0,0,0
o44241,0,27,8,0,0,0
o44250,1,,4,0,,0
o44253,0,21,13,0,0,0
o44258,1,7,9,0,0,0
o44260,1,55,1,0,0,0
o44261,1,35,6,0,0,0
o44262,0,14,4,0,0,0
o44264,0,24,16,0,0,0
o44267,0,36,15,0,0,0
o44268,0,58,14,0,0,0
o44275,0,68,10,0,0,0
o44276,0,8,6,0,0,0
o44280,2,2,2,0,0,0
o44284,2,23,8,0,0,0
o44286,0,70,8,0,0,0
o44287,1,137,7,0,0,0
o44288,1,84,30,0,0,0
o44295,0,8,8,0,0,0
o44296,0,6,6,0,0,0
o44297,0,28,22,0,0,0
o44298,0,10,12,0,0,0
o44299,0,27,4,0,0,0
o44303,0,22,6,0,0,0
o44307,0,16,4,0,0,0
o44309,0,0,10,0,0,0
o44311,0,20,4,0,0,0
o44344,4,7,13,0,0,0
o44346,3,35,5,0,0,0
o44349,9,66,13,0,4,0
o44352,4,61,2,1,1,0
o44363,2,6,2,0,0,0
o44368,1,,7,0,1,0
o44372,3,,3,0,,0
o44373,0,235,0,0,0,0
o44376,0,,6,0,,0
o44455,0,12,14,0,0,0
o44456,0,8,2,0,0,0
o44458,0,48,22,0,0,0
o44459,0,81,23,0,0,0
o44462,,42,16,,4,2
o44463,5,21,5,1,1,1
o44713,6,,48,1,,0
o44926,0,0,160,0,0,0
o44934,0,0,48,0,0,0
o44946,0,2072,646,0,221,10
o44947,0,1025,140,0,0,0
o44949,0,76,38,0,0,0
o44959,0,6,64,0,4,3
o44986,2,92,6,0,0,0
o44987,5,,9,0,,0
o44989,1,44,1,0,0,0
o44993,2,30,2,0,0,0
o45018,0,13,4,0,0,0
o45019,0,108,4,0,0,0
o45020,0,12,2,0,0,0
o45021,0,8,8,0,0,0
o45022,0,4,4,0,0,0
o45023,0,2,2,0,0,0
o45024,0,29,4,0,0,0
o45025,0,8,2,0,0,0
o45026,0,6,6,0,0,0
o45027,0,6,4,0,0,0
o45028,0,28,2,0,0,0
o45029,0,28,2,0,0,0
o45114,0,39,23,0,0,0
o45117,0,43,17,0,0,0
o45133,0,56,5,0,0,0
o45134,0,197,268,0,0,0
o45138,0,0,71,0,0,0
o45139,0,,38,0,,0
o45140,0,27,29,0,0,0
o45159,0,2505,147,0,0,0
o45160,0,116,23,0,0,0
o45162,0,91,19,0,0,0
o45164,0,106,65,0,0,0
o45166,0,309,22,0,0,0
o45167,0,117,55,0,0,0
o45169,0,350,18,0,0,0
o45171,0,29,35,0,0,0
o45172,0,,89,0,,0
o45174,0,44,71,0,0,0
o45175,0,10,19,0,0,0
o45179,0,3531,151,0,0,0
o45182,0,187,7,0,0,0
o45184,0,2877,76,0,0,0
o45185,0,1149,217,0,0,0
o45186,0,123,65,0,0,0
o45188,0,16,17,0,0,0
o45189,0,4506,34,0,0,0
o45190,0,707,67,0,0,0
o45193,0,304,6,0,0,0
o45195,0,1135,80,0,0,0
o45196,0,,683,0,,0
o45197,0,1392,60,0,0,0
o45198,0,124,125,0,0,0
o45199,0,1983,228,0,0,0
o45200,0,822,115,0,0,0
o45201,0,,765,0,,0
o45203,0,,58,0,,0
o45205,0,2118,104,0,0,0
o45209,0,103,50,0,0,0
o45210,0,9593,200,0,0,0
o45211,0,1613,194,0,0,0
o45213,0,4,3,0,0,0
o45214,0,675,452,0,0,0
o45215,0,,28,0,,0
o45216,0,271,143,0,0,0
o45217,0,18,85,0,0,0
o45219,0,154,51,0,0,0
o45221,0,380,449,0,0,0
o45223,0,891,130,0,0,0
o45224,0,17153,3070,0,0,0
o45225,0,860,65,0,0,0
o45226,0,476,440,0,0,0
o45227,0,196,469,0,0,0
o45229,0,3,4,0,0,0
o45232,0,8187,192,0,0,0
o45260,5,,7,2,,3
o45261,2,4,16,0,0,0
o45263,2,,6,0,,0
o45264,2,8,256,0,1,0
o45281,13,14,55,0,0,0
o45282,13,16,57,0,0,0
o45283,12,42,120,0,0,0
o45306,5,16,194,0,8,0
o45307,4,4,15,0,1,0
o45310,1,39,48,0,3,0
o45313,0,371,331,0,0,0
o45388,,0,2,,0,0
o45395,2,,,0,,
o45398,,0,,,0,
o45400,1,,,0,,
o45401,,0,,,0,
o45404,,0,,,0,
o45405,,0,2,,0,0
o45407,,0,,,0,
o45408,,0,4,,0,0
o45409,,0,,,0,
o45486,4,,38,0,,0
o45586,0,113,38,0,0,0
o45592,0,6,6,0,0,0
o45595,1,15,1,0,0,0
o45596,3,3,37,0,0,0
o45630,0,7,5,0,0,0
o45633,1,,1,0,,0
o45634,0,9,2,0,0,0
o45635,0,18,4,0,0,0
o45647,4,20,4,0,0,0
o45648,3,3,7,0,0,0
o45752,26,31,31,0,0,0
o45769,3,494,28,0,0,0
o45806,0,,153,0,,0
o45807,0,,135,0,,0
o46145,9,18,22,1,1,0
o46155,0,0,45,0,0,0
o46173,23,,94,0,,0
o46198,0,4,12,0,0,0
o46217,0,0,0,0,0,0
o46220,0,32,29,0,0,0
o46235,0,18,297,0,0,0
o46237,0,16,270,0,0,0
o46249,0,0,439,0,0,1
o46250,0,0,16,0,0,0
o46256,1,3,2,0,0,0
o46257,0,0,8,0,0,0
o46258,0,0,4,0,0,0
o46259,0,0,4,0,0,0
o46262,0,0,10,0,0,0
o46263,3,3,4,0,0,0
o46264,4,7,5,0,0,0
o46265,0,0,145,0,0,0
o46299,1,,0,0,,0
o46322,0,0,295,0,0,4
o46358,1,,1,0,,0
o46359,0,0,13,0,0,1
o46362,1,1,1,0,0,0
o46363,0,0,4,0,0,0
o46364,0,0,0,0,0,0
o46365,2,49,23,0,2,0
o46379,1,1,1,0,0,0
o46393,0,21,92,0,0,1
o46394,0,,28,0,,0
o46395,1,1,1,0,0,0
o46406,1,1,1,0,0,0
o46408,0,40,25,0,13,0
o46410,0,0,4,0,0,1
o46411,0,0,18,0,0,1
o46412,0,0,18,0,0,3
o46413,6,,12,0,,0
o46414,1,,1,0,,0
o46416,0,3,1,0,1,1
o46421,1,1,1,0,0,1
o46423,6,,8,0,,0
o46428,0,0,4,0,0,0
o46432,0,68,4,0,0,0
o46526,0,44,12,0,0,0
o46527,0,8,20,0,0,0
o46559,2,,2,0,,0
o46562,,0,0,,0,0
o46566,,0,38,,0,0
o46658,0,4,57,0,4,2
o46761,0,22,36,0,0,0
o46762,3,,35,0,,1
o46813,0,135,10,0,0,0
o46895,0,0,38,0,0,0
o46922,0,201,20,0,0,0
o47005,1,,50,0,,0
o47025,4,4,6,0,0,0
o47036,2,6,2,0,0,0
o47037,5,17,5,0,0,0
o47038,2,6,2,0,0,0
o47039,0,6,6,0,0,0
o47061,3,,5,0,,0
o47063,1,7,1,0,0,0
o47064,0,28,8,0,0,0
o47066,0,,10,0,,0
o47068,2,,4,0,,0
o47090,1,3,425,0,0,0
o47095,0,0,25,0,0,0
o47097,0,0,0,0,0,0
o47100,0,0,153,0,0,0
o47102,0,0,101,0,0,0
o47106,1,3,7,0,0,0
o47108,0,0,32,0,0,0
o47109,1,3,39,0,0,0
o47110,1,3,1,0,0,0
o47111,0,0,28,0,0,0
o47115,0,0,23,0,0,0
o47116,0,0,229,0,0,0
o47118,0,0,2,0,0,0
o47120,0,0,16,0,0,0
o47121,0,0,63,0,0,0
o47122,0,0,26,0,0,0
o47139,0,9,14,0,0,0
o47148,0,38,22,0,0,0
o47149,0,6,5,0,0,0
o47150,0,12,15,0,0,2
o47156,2,251,8,0,0,0
o47158,2,,192,0,,0
o47163,0,0,31,0,0,0
o47167,0,8,6,0,0,0
o47168,0,16,10,0,2,0
o47195,0,12,142,0,0,0
o47197,0,14,506,0,0,0
o47199,0,6,216,0,0,0
o47208,2,15,38,0,0,0
o47247,3,730,510,0,6,0
o47248,4,242,40,0,0,0
o47261,0,22,42,0,0,0
o47263,5,,61,0,,0
o47654,3,52,3,0,2,0
o47658,5,35,,0,5,
o47669,,1565,279,,0,0
o47670,0,62,125,0,0,0
o47674,14,12,19,1,1,0
o47675,0,14,13,0,0,1
o47712,1,37,10,0,15,0
o47749,0,0,101,0,0,0
o47836,1001,,4,1001,,0
o47837,2,,2,0,,0
o47838,0,,39,0,,0
o47856,0,404,8,0,0,0
o47860,1,1,1,0,0,0
o47920,2,241,14,0,0,0
o47921,0,0,8,0,0,0
o47923,3,,6,0,,0
o47924,0,0,6,0,0,0
o47925,0,0,2,0,0,0
o47943,0,4,10,0,0,0
o47976,6,,5,0,,0
o48002,4,,54,0,,0
o48006,0,14,9,0,0,0
o48007,0,10,13,0,0,0
o48008,0,32,26,0,0,0
o48009,0,0,32,0,0,0
o48010,0,26,12,0,0,0
o48012,0,20,12,0,0,0
o48013,0,0,114,0,0,0
o48021,1,,12,0,,0
o48022,1,,266,0,,0
o48024,4,58,124,0,9,0
o48073,0,,165,0,,0
o48094,3,122,1456,0,12,39
o48095,5,550,20,0,0,0
o48116,0,,12,0,2,0
o48121,20,38,143,14,15,0
o48159,1,,0,0,,0
o48162,1,,1,0,,0
o48241,0,2,855,0,0,0
o48243,15,189,83,0,0,0
o48244,1,16,8,0,0,0
o48245,13,596,186,0,0,0
o48246,0,30,24,0,0,0
o48248,0,21,18,0,0,0
o48256,0,,,0,,
o48257,1,107,9,0,0,0
o4826,1,41,10,0,0,1
o4827,0,,,0,,
o48271,0,42,63,0,0,0
o48280,1,,1,0,,0
o48311,2,,433,0,,0
o48312,0,0,4,0,0,0
o48313,1,5226,348,0,24,0
o4832,0,30,70,0,0,0
o4833,4,,141,0,,0
o48339,1,143,181,0,0,0
o4834,1,,4,0,,2
o4836,0,16,125,0,0,0
o4837,0,51,200,0,0,0
o48403,1,10,,0,1,
o48404,5,,705,0,1,1
o48419,5,11,17,0,2,0
o48420,2,28,4,0,1,0
o48421,6,14,25,0,5,1
o48422,6,,269,0,,0
o48423,15,,108,0,,0
o48424,5,9,4,0,7,0
o48427,12,,33,0,,0
o4844,0,,53,0,,0
o48454,0,38,21,0,0,0
o4846,3,3,182,0,0,0
o48487,13,,68,0,,0
o48489,13,,307,0,,0
o48492,0,27,10,0,0,0
o48493,0,0,139,0,0,0
o4850,,11,7,,0,0
o48512,0,170,98,0,0,0
o48513,0,2,11,0,0,0
o48514,0,6,5,0,0,0
o48515,0,2,331,0,0,0
o48516,0,8,14,0,0,0
o48517,0,134,16,0,0,0
o48519,5,,44,0,,0
o48543,,,13,,,1
o48544,1,1,3,0,1,0
o48546,2,,2,0,,0
o48547,3,,3,0,,0
o48548,5,,5,0,,0
o48549,5,195,19,0,2,0
o48619,22,,64,1,,0
o48661,0,55,714,0,0,0
o48748,1,20,3,0,1,0
o48749,16,65,62,0,0,0
o48762,0,,1,0,,0
o48770,5,7,19,1,4,0
o48771,6,3240,642,0,0,0
o48781,1,4,267,0,3,1
o48800,2,20,2,0,0,0
o48803,3,9,3,0,0,0
o48805,1,7,1,0,0,0
o48810,0,189,24,0,0,0
o48811,2,742,275,0,0,0
o48813,,7,3,,,
o48814,2,,3,0,,0
o48816,2,3,6,0,1,0
o48866,0,0,628,0,0,0
o48869,1,15,1,0,2,0
o48873,2,22,11,0,0,1
o48876,0,142,14,0,0,0
o49129,0,,27,0,,0
o49201,0,19,84,0,0,0
o49232,0,3748,171,0,0,0
o49233,0,865,67,0,0,0
o49234,0,6323,614,0,0,0
o49235,0,124,49,0,0,0
o49496,0,2,59,0,0,0
o49536,4,6,18,0,1,0
o49808,0,87,13,0,0,0
o49812,0,6,24,0,0,0
o49986,3,5,11,0,1,0
o49989,0,57,4,0,0,0
o50003,5,,72,0,,0
o50005,4,,57,0,,0
o50007,4,,50,0,,0
o50010,5,,75,0,,0
o50110,0,38,160,0,0,0
o50111,5,14,10,0,0,0
o50113,16,181,38,0,0,0
o50114,9,,61,0,,0
o50163,0,6,12,0,0,0
o50479,0,32,105,0,0,0
o50504,1,3,19,0,0,0
o50639,9,,135,0,1,0
o50667,0,12,,0,0,
o50668,1,13,,0,0,
o50672,3,103,,0,0,
o50673,,29,,,0,
o50674,0,13,,0,0,
o50685,1,3,57,0,0,0
o50969,0,4,8,0,0,0
o50970,1,1,1,0,1,0
o51078,3,,3,0,,0
o51080,2,25,2,0,0,0
o51081,3,3,3,0,0,0
o51088,0,620,46,0,0,0
o51159,0,31,8,0,0,0
o5116,6,5,5,0,1,0
o51165,0,2,27,0,0,0
o51168,3,,77,0,,0
o51169,4,,887,0,,0
o51170,0,5,5,0,0,0
o51177,0,0,0,0,0,0
o5118,1,11,5,0,0,0
o51221,0,2,9,0,0,0
o51222,0,12,2,0,0,0
o51223,2,2,10,0,0,0
o51224,1,,1,0,,0
o51226,0,8,2,0,0,0
o51227,0,6,6,0,0,0
o51260,5,117,41,0,4,2
o5138,0,0,4,0,0,0
o5140,0,0,4,0,0,0
o5142,0,0,6,0,0,0
o5146,0,0,10,0,0,0
o5147,2,6,6,0,0,0
o5151,2,2,2,0,0,0
o5158,0,52,2,0,0,0
o5159,3,3,3,0,3,0
o5161,3,,7,0,,0
o5162,0,0,7,0,0,0
o5163,4,80,6,0,2,0
o5165,1,3,5,0,1,0
o5167,2,14,4,0,0,0
o5172,0,0,2,0,0,0
o5187,2,,8,0,,0
o5195,3,,5,0,,0
o5202,0,1,0,0,0,0
o5208,0,12,44,0,0,0
o5210,0,25,42,0,0,0
o5214,0,135,10,0,0,0
o5219,0,6,20,0,0,0
o5220,5,5,5,0,0,0
o5221,13,14,14,0,0,0
o5223,0,0,42,0,0,0
o5224,4,4,4,0,0,0
o5225,0,0,32,0,0,0
o5233,0,2,16,0,0,0
o5235,0,0,28,0,0,0
o5245,0,8,10,0,0,0
o5247,0,1,30,0,1,0
o5248,3,3,3,0,0,0
o5251,2,215,39,0,11,0
o5254,0,0,4,0,0,0
o5255,4,10,4,0,0,0
o5258,1,3,1,0,0,0
o5261,0,0,8,0,0,0
o5263,1,1,1,0,0,0
o5265,7,7,9,0,1,3
o5268,8,17,11,0,2,4
o52821,,4,10,,0,0
o52822,1,1,,0,0,
o52856,4,40,139,0,12,0
o52904,0,0,381,0,0,0
o53002,0,0,43,0,0,0
o53004,1,43,17,0,0,0
o53017,,37,,,0,
o53018,,172,,,0,
o53019,,2,4,,0,0
o53024,5,5,5,0,0,0
o53025,3,67,35,0,0,0
o53044,9,,50,0,,0
o53069,3,7,3,0,0,0
o53070,3,50,3,0,0,0
o53074,2,7,6,0,0,0
o53075,2,30,2,0,0,0
o53085,,187,73,,3,2
o53100,0,,866,0,,0
o53107,0,17,2,0,1,0
o53109,0,,94,0,,0
o53110,0,8,229,0,1,0
o53111,0,26,4,0,1,0
o53115,2,13,3,0,0,0
o53116,2,10,12,0,0,0
o53128,0,212,136,0,0,0
o53129,0,16,72,0,0,0
o53159,0,1,33,0,1,0
o5326,2,,19,0,,0
o5327,2,,41,0,,0
o5329,3,,24,0,,1
o5330,3,,50,0,,0
o5331,3,,83,0,,0
o5333,2,,80,0,,0
o5335,2,,31,0,,0
o5336,2,,91,0,,2
o5338,3,,36,0,,0
o5340,3,,75,0,,1
o5341,3,,49,0,,3
o5343,5,,45,0,,3
o5344,5,,25,0,,0
o5345,5,,71,0,,0
o5347,5,,55,0,,0
o5348,2,,59,0,,1
o5349,2,,68,0,,0
o5351,2,,90,0,,5
o53515,0,25,47,0,0,0
o53518,1,,7,0,,0
o5352,2,,38,0,,2
o53523,0,10,56,0,0,0
o53524,1,1,,0,0,
o5353,2,,49,0,,4
o5355,2,,43,0,,2
o5356,2,,53,0,,5
o5357,2,,12,0,,1
o5359,3,,57,0,,0
o5360,3,,33,0,,3
o5362,3,,55,0,,3
o5364,4,,37,0,,0
o5365,4,,70,0,,4
o5366,4,,52,0,,4
o5368,3,,63,0,,5
o5369,3,,58,0,,3
o53694,0,18,30,0,0,0
o53697,0,59,136,0,1,0
o53698,0,1,41,0,0,0
o5370,3,,39,0,,0
o53703,0,18,13,0,0,0
o5372,2,,23,0,,0
o5373,2,,60,0,,0
o5374,2,,69,0,,1
o5375,0,8,84,0,0,5
o5376,0,26,8,0,0,0
o5377,0,2,12,0,0,0
o5379,2,,82,0,,0
o5384,2,,81,0,,2
o5385,2,,62,0,,0
o5386,2,,90,0,,0
o5387,2,,83,0,,2
o5389,2,,47,0,,2
o53898,1,3,3,0,0,0
o53899,4,4,8,0,0,0
o5390,2,,92,0,,0
o53900,3,3,5,0,0,0
o53901,4,4,4,0,0,0
o53902,1,3,5,0,0,0
o53903,0,0,4,0,0,0
o53905,1,1,4,0,1,0
o53906,0,6,4,0,4,0
o53907,0,0,6,0,0,0
o53908,0,0,2,0,0,0
o53909,2,2,2,0,1,0
o5391,2,,111,0,,2
o53911,0,24,3,0,0,0
o5393,2,,57,0,,2
o5394,2,,27,0,,0
o5395,2,,34,0,,3
o5396,4,,92,0,,5
o5398,4,,70,0,,7
o5399,4,,68,0,,6
o5400,4,,105,0,,6
o5406,3,,29,0,,0
o5407,3,,52,0,,4
o5408,3,,107,0,,4
o5409,3,,221,0,,1
o5411,3,,218,0,,13
o5412,3,,42,0,,0
o5413,3,,61,0,,0
o5415,2,,63,0,,2
o5416,2,,72,0,,2
o5417,2,,93,0,,4
o5419,3,,76,0,,4
o5420,3,,26,0,,0
o5421,3,,38,0,,0
o54541,0,12,10,0,0,0
o54542,0,43,45,0,0,4
o54543,0,596,29,0,1,0
o54544,0,16,8,0,0,0
o54545,0,142,9,0,0,0
o54546,0,280,27,0,5,0
o54547,0,3,26,0,0,0
o54549,0,77,40,0,0,0
o54550,0,16,178,0,0,0
o54551,0,2,24,0,0,0
o54552,0,2,62,0,0,0
o54553,0,46,15,0,0,0
o54554,0,224,14,0,0,0
o54555,0,236,18,0,0,0
o54556,0,2,10,0,0,0
o54557,0,10,73,0,0,0
o54558,0,8,42,0,0,0
o54559,0,,,0,,
o54560,25,25,24,0,0,0
o54575,6,,,0,,
o54578,4,,6,0,,0
o54582,4,10,11,0,0,0
o54583,0,292,5,0,0,0
o5460,0,18,70,0,0,0
o54610,8,9,16,0,0,1
o54615,0,862,37,0,0,0
o54618,0,0,50,0,0,0
o54619,0,,45,0,,0
o5462,13,24,14,0,25,17
o54621,1,302,2,0,1,0
o5463,0,5,60,0,5,0
o5467,0,1,27,0,1,0
o5468,0,29,53,0,16,0
o5474,0,5,68,0,5,0
o5475,17,18,20,0,0,0
o54898,9,,21,0,,0
o54930,0,2,4,0,0,0
o54973,3,,30,0,,2
o54976,0,4,45,0,0,0
o54977,0,12,16,0,0,0
o54984,0,2,4,0,0,0
o54986,5,13,8,0,0,0
o54993,4,27,10,0,2,0
o55086,0,137,24,0,0,0
o55088,0,289,53,0,0,0
o55101,0,0,4,0,0,0
o55102,0,10,18,0,0,0
o55184,0,,190,0,,0
o55244,4,,19,0,1,1
o55249,0,18,24,0,0,0
o55253,1,40,,0,2,
o55254,0,6,16,0,0,0
o55321,1,3,28,0,0,0
o55436,5,,23,1,,2
o55443,0,0,0,0,0,0
o55444,4,,23,0,,0
o55574,0,12,12,0,0,0
o55578,2,2,2,0,0,0
o55595,0,4,38,0,0,1
o55596,0,208,4,0,0,0
o55639,7,,87,0,,0
o55640,2,26,186,0,0,0
o55657,1,168,4,0,2,0
o55668,0,2,67,0,1,0
o55691,2,8,4,0,0,0
o55696,0,12,20,0,0,0
o55772,0,14,96,0,0,0
o55782,2,8,2,0,0,0
o55788,0,141,16,0,0,0
o55795,1,,3,0,,0
o55827,4,27,11,1,1,0
o56003,0,0,1172,0,0,0
o56004,0,0,110,0,0,0
o56006,0,0,12,0,0,0
o56007,0,0,28,0,0,0
o56008,0,0,396,0,0,0
o56009,0,0,6,0,0,0
o56011,0,0,4,0,0,0
o56012,0,0,942,0,0,0
o56013,2,6,24,0,0,0
o56014,1,1,72,0,0,0
o56015,1,3,4,0,0,0
o56016,0,0,347,0,0,0
o56017,0,0,18,0,0,0
o56018,0,0,,0,0,
o56019,0,0,26,0,0,0
o56020,1,8,5,0,0,0
o56021,2,2,6,0,0,0
o56023,0,0,619,0,0,0
o56024,11,,13,0,,0
o56025,0,0,10,0,0,0
o56027,3,23,39,0,0,0
o56041,5,,24,0,,0
o56043,6,,10,0,,0
o56103,2,311,58,0,0,0
o56134,0,0,,0,0,
o56137,0,0,8,0,0,0
o56173,1,,601,0,,0
o56227,7,1062,241,0,0,0
o56232,2,,22,0,,0
o56531,1,3,15,0,1,0
o56748,0,2,14,0,0,0
o56764,,18,2,,0,0
o56866,0,23,12,0,0,0
o57041,2,,16,0,,0
o57047,2,10,7,0,0,0
o57048,2,5,6,0,0,0
o57110,35,1597,54,0,0,0
o57111,2,3562,212,0,0,0
o57145,0,5998,138,0,0,0
o57168,1,99,20,0,0,0
o57211,1,,0,0,,0
o57217,1,18,9,0,0,0
o57229,0,70,4,0,0,0
o57230,4,4,9,0,0,0
o57231,1,143,13,0,0,0
o57232,2,18,6,0,0,1
o57236,0,338,168,0,0,0
o57386,1,,4,0,,0
o57387,0,60,8,0,0,0
o57432,0,,177,0,,0
o57433,0,0,50,0,0,0
o57435,7,,21,0,,0
o57437,3,14,15,0,0,0
o57450,0,134,27,0,0,0
o57452,3,,31,0,,1
o57453,5,20,100,0,2,0
o57502,0,0,,0,0,
o57503,0,76,259,0,0,0
o57504,0,0,707,0,0,4
o57507,2,2091,242,0,0,0
o57536,0,0,25,0,0,0
o57539,4,86,14,1,10,0
o57571,3,5,49,0,0,0
o57603,6,6,12,0,0,6
o57617,0,103,4,0,0,0
o57622,16,17,51,0,0,1
o57639,0,16,0,0,0,0
o57642,0,10,8,0,0,0
o57644,1,2,31,0,1,0
o57649,3,,13,0,,0
o57650,5,,12,0,,0
o57651,6,,22,0,,0
o57652,3,,33,0,,0
o57653,3,4,7,0,0,0
o57656,1,12,1,0,0,0
o57709,0,9,69,0,0,0
o57711,0,10,2,0,0,0
o57716,0,16,188,0,0,0
o57757,4,174,147,0,0,0
o57762,,3,135,,2,0
o57779,0,51,,0,7,
o57801,0,0,102,0,0,0
o57813,4,797,197,0,0,0
o57816,0,78,6,0,0,0
o57817,0,38,12,0,0,0
o57878,0,41,160,0,0,0
o5790,0,272,8,0,0,0
o57936,1,62,1,0,0,0
o57978,0,12,8,0,0,0
o5798,0,2,24,0,0,0
o58052,0,14,24,0,0,0
o58209,3,5,1,0,1,1
o58210,0,26,25,0,0,0
o58211,0,0,23,0,0,0
o58212,0,30,45,0,0,0
o58216,0,101,6,0,0,0
o58218,1,,230,0,,0
o58270,0,,10,0,,1
o58271,,8,11,,0,0
o58281,1,25,,0,2,
o58282,0,20,,0,0,
o58317,6,,18,0,,0
o58318,72,87,72,0,0,0
o58320,0,0,4,0,0,0
o5837,1,37,42,0,3,0
o58372,0,0,117,0,0,0
o5844,9,9,16,0,0,1
o58443,4,8,30,0,1,0
o58446,3,15,44,0,1,0
o58449,0,0,12,0,0,0
o5845,9,9,9,0,0,0
o58453,1,3,103,0,0,1
o58455,1,,,0,,
o58458,1,,,0,,
o58462,1,30,5,0,0,0
o58463,1,1,,0,0,
o58466,1,24,,0,0,
o58471,1,,,0,,
o58478,,373,16,,0,0
o58481,3,,57,0,,0
o58486,3,,13,0,,0
o58490,3,,9,0,,0
o58492,4,,16,0,,0
o58495,4,,8,0,,0
o58496,4,,10,0,,0
o58599,3,6,25,0,0,0
o58600,3,9,7,0,0,0
o58601,8,,51,0,,0
o58602,4,,17,0,,0
o58603,3,5,33,0,0,0
o58604,3,3,3,0,0,0
o58606,3,,9,0,,0
o58607,3,11,13,0,0,0
o58609,3,11,0,1,1,0
o58612,0,53,,0,0,
o58614,0,223,59,0,0,0
o58615,0,7,4,0,7,0
o58616,0,17,8,0,3,0
o58617,0,27,,0,0,
o58618,0,319,,0,0,
o58619,0,34,18,0,0,1
o58620,0,41,,0,0,
o58621,0,24,12,0,0,0
o58622,0,18,22,0,0,0
o58623,0,4,8,0,0,0
o58627,0,53,9,0,4,0
o58628,0,14,12,0,0,0
o58629,3,3,34,0,0,1
o5863,5,1748,73,0,83,0
o58631,1,14,1,0,0,0
o58632,0,14,18,0,0,1
o58635,0,94,10,0,0,0
o58636,0,510,64,0,0,0
o58637,0,4,8,0,0,0
o58639,1,,,0,,
o58640,0,14,4,0,0,0
o58661,6,,37,0,,1
o58776,2,232,69,0,6,0
o58837,0,38,24,0,0,0
o58839,0,0,10,0,0,0
o58843,2,,1038,0,,0
o58852,8,677,21,0,0,0
o58863,0,34,8,0,0,0
o58864,0,11,,0,0,
o58865,0,49,4,0,0,0
o58866,,44,26,,0,0
o5889,3,,29,0,,0
o58905,1,,11,0,,0
o58906,1,1,7,0,1,0
o58907,0,5,5,0,0,0
o58909,0,3,3,0,0,0
o58910,1,1,3,0,1,0
o58913,1,,4,0,,0
o58914,0,101,4,0,0,0
o58915,1,5,5,0,0,0
o58916,0,5,7,0,0,0
o58917,0,1,20,0,1,0
o58926,0,29,229,0,0,6
o58927,3,10,27,0,5,0
o58930,3,3,3,0,0,0
o59186,5,20,105,0,3,1
o59215,1,3,363,0,1,0
o59284,,0,4,,0,0
o59293,1,13,30,0,1,0
o59664,5,,24,0,,0
o59666,4,216,9,0,0,0
o59667,3,44,5,0,0,0
o59668,28,226,89,0,0,0
o59669,4,485,41,0,0,0
o59670,4,22,8,0,0,0
o59671,5,322,5,0,0,0
o59673,1,8,1,0,0,0
o59694,2,2,143,0,0,0
o59999,48,899,152,0,0,0
o60038,2,53,14,0,4,0
o60099,0,0,354,0,0,0
o60107,4,17,4,0,1,0
o60108,,42,63,0,0,0
o60109,0,8,5,0,0,0
o60113,1,,2,0,,0
o60114,0,4,4,0,0,0
o60115,0,172,2,0,0,0
o60116,2,31,48,0,0,0
o60117,1,1086,84,0,0,0
o60118,10,15,8,0,0,0
o60120,2,2,14,0,0,0
o60122,0,20,32,0,0,0
o60123,2,13,28,0,0,0
o60124,10,11,10,0,0,0
o60129,0,149,5,0,6,0
o60132,2,,39,0,,0
o60133,1,1,2,0,0,0
o60137,0,16,33,0,0,0
o60144,6,7,2,0,1,0
o60145,3,29,4,0,1,0
o60168,0,0,115,0,0,0
o60170,1,23,0,0,0,0
o60171,0,0,186,0,0,0
o60173,0,0,26,0,0,0
o60179,3,58,187,0,12,0
o60185,1,3,470,0,1,3
o6020,2,,162,0,,0
o6022,2,,10,0,,0
o60227,0,33,0,0,0,0
o6023,1,2,130,0,0,0
o6025,3,5,3,0,0,0
o60252,0,18,22,0,0,0
o60269,0,24,14,0,0,0
o6027,6,167,18,0,0,0
o60278,0,0,14,0,0,0
o60287,0,2,2,0,0,0
o60288,0,18,48,0,0,0
o60290,0,2,51,0,0,0
o60292,0,10,34,0,0,0
o60293,0,44,103,0,0,0
o60295,0,20,48,0,0,0
o60297,0,10,2,0,0,0
o60298,0,24,12,0,0,0
o60299,0,63,12,0,0,0
o60302,0,4,32,0,0,0
o60309,0,439,64,0,0,0
o60312,0,0,50,0,0,0
o60319,1,29,,0,7,
o60321,7,,1222,0,,105
o60375,4,452,22,0,0,0
o6065,15,,50,0,,0
o60660,1,3,9,0,0,0
o60731,1,19,152,0,0,0
o60732,1,,5,0,,0
o60756,2,40,122,0,4,0
o60757,6,9,15,0,0,0
o60758,4,,10,0,,0
o60759,3,3,108,0,0,0
o60760,2,6,4,0,0,0
o60770,1,3,126,0,1,1
o60778,4,118,25,0,9,0
o60790,121,3812,1085,0,0,0
o60823,1,,99,0,,0
o60835,0,8,2,0,0,0
o60836,0,4,2,0,0,0
o60837,0,10,8,0,0,0
o60838,0,6,4,0,0,0
o60839,2,5,6,0,0,0
o6084,1,1,,0,0,
o60841,0,57,2,0,0,0
o60842,22,1059,94,0,0,0
o60843,0,12,4,0,0,0
o60844,45,67,43,0,0,0
o60845,0,124,2,0,0,0
o60846,2,3,39,0,0,0
o60847,0,126,2,0,0,0
o60848,0,24,4,0,0,0
o60849,0,2,4,0,0,0
o6085,1,3,,0,0,
o60850,6,,6,0,,0
o60852,4,,4,0,,0
o60853,3,,3,0,1,0
o60854,0,,2,0,1,0
o60855,0,,6,0,1,0
o60856,5,,5,0,,0
o60861,4,4,19,0,0,0
o60863,2,,14,0,,0
o60864,0,444,64,0,0,0
o60865,13,,13,0,,0
o60866,5,,5,0,,0
o60869,3,5,3,0,0,0
o60870,2,,39,0,,0
o60871,5,5,35,0,4,0
o60874,2,,12,0,,0
o60876,5,,14,0,,0
o60883,62,,761,1,,1
o60884,5,,5,0,,0
o60885,4,,4,0,,0
o60886,5,,5,0,,0
o6089,9,,63,0,,0
o6090,4,,784,0,,0
o60973,1,,95,0,,0
o60974,1,,37,0,,0
o60975,1,,51,0,,0
o60976,0,,32,0,,0
o60977,0,,36,0,,0
o60978,1,,21,0,,0
o60979,0,,61,0,,0
o60980,1,,47,0,,0
o60981,0,,28,0,,0
o60982,1,,30,0,,0
o60983,1,,15,0,,0
o60984,0,,6,0,,0
o60985,0,0,10,0,0,0
o60986,0,0,60,0,0,0
o60987,0,0,35,0,0,0
o60988,0,0,8,0,0,0
o60989,0,0,249,0,0,0
o60990,0,0,10,0,0,0
o60991,0,0,68,0,0,0
o60993,1,,183,0,,0
o60994,1,,12,0,,0
o60995,1,,2,0,,0
o60996,1,,171,0,,0
o60997,0,,27,0,,0
o60999,1,,91,0,,0
o61000,1,,94,0,,0
o61001,1,,53,0,,0
o61003,6,4,54,0,1,0
o61004,6,,0,0,1,0
o61006,1,68,3,0,0,0
o61026,2,,,0,,
o61027,1,300,210,0,10,11
o61080,2,,2,0,,0
o61082,5,,5,0,,0
o61085,19,,176,0,,8
o61120,0,0,4,0,0,0
o61121,1,13,40,0,1,0
o6120,1,39,5,0,0,0
o61343,0,,10,0,,0
o61344,0,0,15,0,0,0
o61348,0,,99,0,,0
o61349,1,,190,0,,12
o61355,4,,31,0,,0
o6137,0,9,20,0,0,0
o6138,0,2,18,0,0,0
o61422,0,,334,0,,0
o61423,0,0,,0,0,
o61502,3,,3,1,,0
o61504,2,,2,0,,0
o61505,0,,75,0,,0
o61515,2,120,84,0,0,0
o6152,3,7,21,0,0,0
o61527,24,1593,136,0,0,0
o61532,2,2,24,0,1,0
o61533,3,,23,0,,0
o61534,5,,15,0,,0
o61535,0,20,51,0,0,1
o61536,2,,4,0,,0
o61580,0,10,38,0,0,0
o61582,0,4,56,0,0,0
o61583,0,16,16,0,0,0
o61584,0,6,34,0,0,0
o61585,0,16,12,0,0,0
o61586,0,17,46,0,0,0
o61587,0,17,24,0,0,0
o61588,0,2,36,0,0,0
o61592,0,25,46,0,0,0
o61593,0,2,35,0,0,0
o61594,0,4,18,0,0,0
o61595,0,4,14,0,0,0
o61596,0,8,169,0,0,0
o61597,0,6,19,0,0,0
o61598,0,32,16,0,0,0
o61599,0,4,43,0,0,0
o61600,0,16,36,0,0,0
o61601,0,8,8,0,0,0
o61602,0,4,14,0,0,0
o61603,0,116,28,0,0,0
o61605,0,8,24,0,0,0
o61606,0,14,22,0,0,0
o61607,0,33,17,0,0,0
o61608,0,32,199,0,0,0
o61609,0,2,32,0,0,0
o61610,0,36,68,0,0,0
o61612,0,13,57,0,0,0
o61613,0,134,4,0,0,0
o61614,0,8,16,0,0,0
o61616,0,9,73,0,0,0
o61618,0,22,68,0,0,0
o61619,0,21,26,0,0,0
o61620,0,34,83,0,0,0
o61622,0,22,16,0,0,0
o61623,0,4,22,0,0,0
o61624,0,17,18,0,0,0
o61626,0,246,27,0,0,0
o61627,0,0,4,0,0,0
o61630,0,27,18,0,0,0
o61632,0,61,88,0,0,0
o61634,0,2,8,0,0,0
o61635,0,0,32,0,0,0
o61636,0,4,38,0,0,0
o61637,0,8,10,0,0,0
o61638,0,8,18,0,0,0
o61640,0,24,30,0,0,0
o61641,0,12,28,0,0,0
o61644,0,8,24,0,0,0
o61645,0,113,32,0,0,0
o61646,0,10,25,0,0,0
o61647,0,14,301,0,0,0
o61648,0,21,80,0,0,0
o61649,0,10,12,0,0,0
o6166,0,174,25,0,0,0
o6167,0,0,4,0,0,0
o6170,0,6,24,0,0,0
o6171,0,16,29,0,0,0
o6173,0,0,0,0,0,0
o61760,0,110,1,0,0,0
o6177,0,391,116,0,0,0
o61771,3,4,14,0,0,0
o61774,14,427,6,1,1,0
o6178,4,,6,0,,1
o6180,0,29,131,0,0,0
o6181,0,0,67,0,0,0
o6189,0,6,4,0,1,0
o6191,0,523,29,0,0,0
o6193,0,0,33,0,0,0
o6195,0,14,71,0,0,0
o6198,0,0,23,0,0,0
o6201,0,2,6,0,0,0
o62015,3,13,14,0,0,0
o62016,2,,35,0,,0
o6202,0,45,9,0,0,0
o6205,2,2,2,0,0,0
o62056,,,43,,,0
o62073,0,44,6,0,0,0
o6208,0,12,20,0,0,0
o6209,0,0,2,0,0,0
o6212,0,22,204,0,1,0
o6213,0,0,91,0,0,0
o62138,2,,3,0,,0
o6218,0,0,41,0,0,0
o6228,1,3,3,0,0,0
o6230,0,42,36,0,0,0
o6231,0,0,6,0,0,0
o6232,0,4,79,0,0,0
o6233,2,3,3,0,0,0
o6235,2,,2,0,,0
o6237,0,331,44,0,0,0
o62378,0,6,19,0,0,0
o62379,1,17,1,0,0,0
o62380,0,7,5,0,0,0
o62381,1,27,1,0,0,0
o62382,0,20,13,0,0,0
o62383,22,,25,0,,1
o6241,0,12,10,0,0,0
o6256,4,4,38,0,0,0
o6257,0,0,57,0,0,0
o6259,1,,6,0,,0
o6261,1,,15,0,,0
o6262,1,,1,0,,0
o6263,0,,35,0,,0
o6268,0,68,14,0,0,0
o6269,0,0,2,0,0,0
o6271,0,16,27,0,0,0
o62755,0,7,2,0,0,0
o62757,0,222,7,0,0,0
o62758,0,,6,0,,0
o62759,1,,1,0,,0
o62761,1,51,23,0,0,0
o62762,0,,3,0,,0
o62763,0,7,1,0,0,0
o62764,4,,10,0,,0
o62768,2,,2,0,,0
o62771,1,1,1,0,0,0
o62772,1,,0,0,,0
o62773,1,,25,0,,0
o62774,1,,20,0,,0
o62775,0,80,4,0,0,0
o62819,3,6,30,0,3,0
o62820,0,0,514,0,0,60
o62823,0,98,6,0,0,0
o6290,0,22,38,0,0,0
o6293,0,,52,0,,10
o6294,,,14,,,1
o62943,15,243,417,0,14,0
o62947,11,,44,0,,1
o62949,1,3,333,0,1,0
o62957,6,246,6,0,0,0
o62958,6,47,15,0,0,0
o62959,20,21,19,0,0,0
o62960,0,146,65,0,0,0
o62961,33,583,33,0,0,0
o62962,6,755,129,0,0,0
o62963,6,30,8,0,0,0
o62964,6,591,17,0,0,0
o62967,6,127,95,0,0,0
o62968,5,270,6,0,0,0
o62969,6,223,13,0,0,0
o62972,10,53,14,0,0,0
o62973,6,336,31,0,0,0
o63004,153,280,302,0,29,14
o6306,2,16,2,0,0,0
o6310,0,,0,0,,0
o6312,0,,0,0,,0
o63147,3,,3,0,,0
o63149,3,,49,0,,0
o63151,5,,7,0,,0
o63152,3,,24,0,,0
o63155,4,,249,0,,0
o63156,3,,191,0,,0
o63158,2,,79,0,,5
o6316,0,,0,0,,0
o63177,8,,40,0,,0
o6318,0,,0,0,,0
o63181,0,294,70,0,0,0
o63190,0,28,10,0,0,0
o63193,0,,154308,0,,148634
o63194,0,,,0,,
o63196,6,,87,0,,5
o63198,5,356,137,0,0,0
o63199,11,,1640,0,1,1
o63264,0,52,10,0,0,0
o63285,0,20,10,0,0,0
o63288,0,342,8,0,0,0
o63299,0,0,52,0,0,0
o6330,0,128,20,0,0,0
o63300,0,0,67,0,0,0
o63301,0,4,144,0,0,0
o63302,3,14,35,0,0,1
o63308,4,,60,0,,0
o63309,7,9,7,0,4,0
o6331,0,20,4,0,0,0
o63314,,83,22,,0,0
o63317,,37,,,0,
o63318,,129,20,,0,0
o63321,,109,4,,0,0
o63322,,12,,,0,
o63323,,19,,,0,
o63324,,2,,,0,
o63325,,98,2,,0,0
o63326,,10,4,,0,0
o63327,,36,,,0,
o63328,,10,16,,0,0
o63329,,14,12,,0,0
o63331,,50,,,0,
o63365,0,2,5,0,2,0
o63369,0,0,,0,0,
o63382,3,,,0,,
o63383,2,,,0,,
o63417,0,0,501,0,0,0
o6343,0,4,701,0,1,1
o6344,0,30,8,0,1,0
o6345,0,83,2,0,1,0
o6346,0,76,41,0,1,0
o6347,0,4,151,0,1,0
o63475,0,4,131,0,1,2
o63476,0,24,190,0,10,0
o63477,0,6,11,0,0,0
o63478,0,49,,0,0,
o6348,0,108,112,0,1,0
o6349,0,53,107,0,1,0
o6350,0,64,230,0,1,1
o6351,0,4,227,0,1,0
o63514,1,,39,0,,0
o63519,0,,193,0,,0
o6352,0,66,7,0,1,0
o63520,0,104,65,0,15,0
o6353,0,4,689,0,1,1
o6354,0,12,154,0,1,0
o6355,0,4,199,0,1,0
o63552,0,4,56,0,0,0
o63553,2,2,104,0,0,0
o63554,1,3,10,0,0,0
o6356,0,34,61,0,1,0
o6357,0,14,211,0,1,0
o6358,0,20,235,0,1,0
o6359,0,4,41,0,1,0
o6360,0,54,340,0,1,0
o63608,2,,35,2,,0
o6361,0,11,261,0,1,1
o6362,0,18,4,0,1,0
o6363,0,20,218,0,1,1
o6364,0,4,225,0,1,0
o6365,0,29,257,0,1,0
o6366,0,23,560,0,1,1
o6367,0,36,794,0,1,1
o63674,0,436,35,0,2,0
o63683,7,130,9,0,0,0
o63687,0,81,10,0,0,0
o6369,0,40,682,0,1,1
o6371,0,35,305,0,1,1
o6373,0,30,195,0,1,0
o6374,0,22,634,0,1,1
o6375,0,4,2,0,1,0
o6376,0,78,3,0,1,0
o6377,0,10,1,0,1,0
o6378,0,6,8,0,1,0
o6379,0,4,6,0,1,0
o63934,3,,7,0,,0
o63935,1,3,7,0,2,0
o63937,2,6,10,0,2,0
o63945,0,49,51,0,5,0
o63949,0,2,10,0,0,0
o63950,2,60,2,0,0,0
o63977,0,70,5,0,0,0
o63981,0,18,10,0,0,0
o63985,0,39,6,0,0,0
o63988,0,85,18,0,0,0
o63991,0,18,40,0,0,0
o63994,0,2,2,0,0,0
o63998,11,10,16,0,0,0
o63999,4,4,3,0,2,0
o64002,2,,153,0,,0
o64004,20,1543,512,0,27,0
o64008,0,4,10,0,0,0
o64012,0,17,10,0,0,0
o64015,1,54,14,0,3,0
o64016,2,,4,0,,0
o64018,1,3,1,0,0,0
o64020,7,11,13,0,0,0
o64021,0,,14,0,,0
o64024,0,,27,0,,0
o64027,0,349,60,0,38,0
o64288,3,5,5,0,0,0
o64532,4,5,4,0,0,0
o64535,0,,25,0,,0
o64538,1,,,0,,
o64539,2,,,0,,
o64540,6,,6,0,,0
o64543,1,3,107,0,0,0
o64544,0,0,81,0,0,0
o64557,0,83,4,0,0,0
o64563,0,10,91,0,0,0
o64610,0,2,4,0,0,0
o64611,0,241,4,0,0,0
o64612,,8,185,0,0,0
o64613,0,5,76,0,0,0
o64614,0,43,27,0,0,0
o64680,2,7,166,0,1,0
o64686,3,3,128,0,0,0
o64698,4,36,38,0,0,0
o64699,2,467,18,0,0,0
o64700,0,31,16,0,0,0
o64705,1,9,3,0,0,0
o64716,,29,55,,0,0
o64718,9,176,114,0,1,5
o64726,5,54,12,0,2,0
o64727,1,,1,0,,0
o64731,2,31,,0,1,
o64737,2,6,2,0,0,0
o64742,1,,1,0,,0
o64781,0,,10,0,,0
o64816,7,7,7,0,0,0
o64819,2,,25,0,,1
o64820,1,,4,0,,0
o64823,2,,9,0,,0
o64824,7,,11,0,,0
o64825,4,,3,0,,0
o64832,2,4,4,0,0,0
o64855,0,29,48,0,0,0
o64856,0,1637,18,0,4,0
o64857,3,,17,0,,0
o64858,0,13,18,0,0,0
o64859,,35,13,,3,0
o64869,1,3,3,0,0,0
o64870,1,1,1,0,0,0
o64878,1,7,,0,0,
o64879,1,289,3,0,0,0
o64880,1,23,,0,0,
o64882,1,,1,0,,0
o64885,2,,,0,,
o64886,1,21,,0,0,
o64888,1,1,,0,0,
o64890,2,2,,0,0,
o64891,2,,,0,,
o64892,,113,4,,0,0
o64893,1,14,1,0,0,0
o64963,4,144,130,0,37,10
o64977,0,2,16,0,2,0
o65001,0,,281,0,,0
o65002,4,5,212,0,0,0
o65011,1,3,98,0,1,0
o65012,0,0,22,0,0,0
o65022,1,,,0,,
o65305,0,4,10,0,0,0
o65322,,15,133,,0,0
o65323,3,,1577,0,,0
o65325,1,844,3916,0,2,0
o65336,3,19,20,0,2,0
o65361,2,72,10,0,2,0
o65381,1,,26,0,,0
o65382,1,,10,0,,0
o65386,0,,314,0,,0
o65415,5,,351,3,,1
o65419,3,,84,0,,0
o65420,3,,146,0,,1
o65422,2,195,2,0,0,0
o65425,6,238,190,2,2,3
o65426,8,8,20,0,0,0
o65429,4,,395,1,,2
o65430,2,6,23,0,1,0
o65431,8,,203,2,,0
o65445,3,4,4,0,0,0
o65447,2,8,4,0,1,0
o65448,0,4,4,0,0,0
o65450,0,9,3,0,1,0
o65451,1,128,10,0,0,0
o65452,5,,16,0,,0
o65454,2,2,4,0,0,0
o65455,1,19,,0,0,
o65456,3,,,0,,
o65460,1,285,21,0,0,0
o65463,0,0,8,0,0,0
o65465,1,,48,0,,0
o65467,0,16,20,0,0,0
o65468,1,1,3,0,0,0
o65482,0,0,6,0,0,0
o65483,5,531,222,0,9,0
o65485,0,,8,0,,0
o65486,6,67,144,0,0,0
o65503,9,79,107,0,1,0
o65504,8,52,23,0,1,0
o65507,7,7,23,0,0,1
o65508,4,4,4,0,0,0
o65510,1,60,24,0,0,0
o65512,3,13,1,0,1,0
o65515,1,11,1,0,0,0
o65541,0,62,15,0,0,0
o65544,1,,1,0,,0
o65548,1,,1,0,,0
o65579,1,,1,0,,0
o65581,1,,0,0,,0
o65587,1,,1,0,,0
o65598,1,,1,0,,0
o65608,1,,1,0,,0
o65635,3,,5,0,,0
o65642,1,,1,0,,0
o65653,1,,0,0,,0
o65654,1,,1,0,,0
o65660,3,3,3,0,0,0
o65668,0,27,75,0,1,4
o65670,1,14,69,0,4,3
o65671,1,6,116,0,3,1
o65673,1,14,226,0,8,2
o65677,1,13,5,0,10,0
o65678,1,30,358,0,12,0
o65679,1,28,371,0,6,0
o65703,1,,107,0,,0
o65707,2,,105,0,,0
o65710,1,134,35,0,12,0
o65711,5,5,15,0,1,0
o65730,4,63,241,1,1,1
o65751,0,16,53,0,0,0
o65753,,20,125,,1,0
o65826,0,0,167,0,0,3
o65883,2,958,83,0,11,0
o65885,0,60,55,0,0,0
o65890,52,476,291,0,26,114
o65891,51,235,268,0,39,54
o65892,50,201,259,0,28,50
o65914,0,11,11,0,1,0
o65916,1,69,13,0,6,0
o65917,1,95,12,0,7,0
o65921,0,156,61,0,0,0
o65929,0,92,52,0,6,0
o65933,0,117,28,0,0,0
o65935,0,,17,0,,0
o65937,0,,53,0,,0
o65942,5,12,16,2,1,0
o65945,,61,6,,1,1
o65949,0,51,92,0,0,0
o65951,1,87,3,0,0,0
o65953,1,93,8,0,0,0
o65957,0,22,2,0,0,0
o65965,4,10,10,0,0,0
o65973,0,,60,0,,0
o65975,0,8,2,0,0,0
o65978,0,84,2,0,0,0
o66048,0,93,12,0,0,0
o66049,3,61,6,0,0,0
o66053,4,,8,0,,3
o66057,3,7,3,0,0,0
o66063,0,28,14,0,0,0
o66067,0,,51,0,,0
o66068,0,,254,0,,0
o66069,2,19,2,1,1,1
o66073,0,5,9,0,1,0
o66201,,,9,,,0
o66203,0,,159,0,,0
o66204,7,,11,0,,0
o66237,2,20,,0,4,
o66267,0,12,184,0,0,0
o66294,2,91,26,0,0,0
o66297,3,,3,0,,0
o66299,1,3,1,0,0,0
o66302,3,,6,0,,0
o66308,3,,5,0,,0
o66309,2,,2,0,,0
o66311,0,0,2,0,0,0
o66327,2,85,49,0,0,0
o66329,0,0,0,0,0,0
o66330,0,0,18,0,0,0
o66586,4,4,4,0,0,0
o66587,2,4,2,0,0,0
o66589,0,32,6,0,0,0
o66610,0,,94,0,,0
o66639,0,14,302,0,0,0
o66685,0,22,9,0,0,0
o66687,0,12,118,0,0,0
o66688,0,14,8,0,0,0
o66689,0,39,170,0,0,0
o66693,2,,615,0,,1
o66694,14,101,16,0,0,0
o67010,0,335,30,0,0,0
o67017,0,0,,0,0,
o67022,11,20,12,0,0,0
o67023,12,213,13,0,0,0
o67024,14,66,16,0,0,0
o67025,12,55,14,0,0,0
o67026,1,6,9,0,0,0
o67027,1,,20,0,,0
o67056,0,0,0,0,0,0
o67058,2,,27,0,,0
o67146,6,76,6,0,0,0
o67158,0,171,5,0,0,0
o67175,4,7,11,0,0,0
o67193,0,22,4,0,0,0
o67195,1,,5,0,,0
o67196,1,,0,0,,0
o67198,1,28,1,0,0,0
o67200,1,,0,0,,0
o67212,1,,1,0,,0
o67268,4,5,190,0,0,0
o67269,4,982,153,0,0,0
o67273,3,10,43,0,0,5
o67274,3,130,40,0,0,0
o67287,0,22,8,0,0,0
o67288,4,72,13,0,0,0
o67291,1,2,1,0,2,0
o67351,2,,24,0,,1
o67369,0,,,0,,
o67370,1,18,85,0,,
o674,0,0,30,0,0,0
o67449,0,2,43,0,0,0
o67450,0,20,81,0,0,0
o67456,0,2,0,0,0,0
o67457,1,,228,0,,8
o67463,0,1508,9,0,43,0
o67465,2,3,59,0,3,0
o67500,1,10,4,0,0,0
o67501,,0,4,,0,0
o67516,2,213,7,0,0,0
o67517,3,,710,0,,0
o67524,,,1,,,0
o67594,1,31,5,0,0,0
o67597,0,2,28,0,0,0
o67599,2,16,6,0,0,0
o67600,1,13,1,0,0,0
o67609,0,67,10,0,0,0
o6761,0,8,57,0,0,0
o67616,1,,11,0,,0
o6762,0,69,113,0,0,0
o67648,1,,1,0,,0
o67654,0,5,10,0,0,0
o6766,3,,18,0,,0
o67661,1,21,1,0,1,0
o67665,0,16,34,0,0,0
o67666,0,9,31,0,0,0
o6767,0,26,59,0,0,0
o67670,,0,,,0,
o67671,,5,2,,0,0
o67675,0,16,18,0,0,0
o6768,0,36,109,0,0,0
o67682,0,10,2,0,0,0
o67685,0,47,20,0,0,0
o6769,3,,85,0,,0
o6770,0,83,53,0,0,0
o6771,6,,241,0,,0
o6816,0,,24,0,,0
o68277,2,,13,0,,0
o68280,1,,5,0,,0
o68282,3,,7,0,,0
o68285,1,1,9,0,1,0
o68294,,20,60,3,1,0
o68296,0,40,2,0,1,0
o68297,2,16,11,0,1,0
o683,1,20,1,0,1,0
o68300,3,3,3,0,0,3
o68301,1,19,21,0,0,0
o68306,1,23,1,0,1,0
o68312,0,13,11,0,1,0
o68315,0,18,4,0,0,0
o68322,1,3,9,0,0,0
o68324,2,30,8,0,2,0
o68325,2,,4,0,,0
o68326,1,7,47,0,0,0
o68328,3,13,3,0,1,0
o68330,,30,2,,0,0
o68332,1,55,9,0,0,0
o68333,1,3,7,0,2,0
o68335,1,15,1,0,0,0
o68337,0,13,4,0,0,0
o68347,1,7,5,0,0,0
o68350,3,3,17,0,0,0
o68354,,0,76,,0,0
o68355,,,8,,,0
o68396,1,25,7,0,2,0
o68397,2,,154,0,,2
o68398,2,16,12,0,0,0
o68405,1,19,3,0,0,0
o68409,4,,269,0,,0
o68413,0,,6,0,,0
o68414,0,9,12,0,2,0
o68415,0,,92,0,,0
o68426,0,20,4,0,0,0
o68428,0,6,17,0,0,0
o68435,0,6,22,0,0,0
o68438,0,10,4,0,0,0
o68588,0,2,102,0,0,0
o68597,0,,54,0,,0
o68598,0,,90,0,,0
o68600,0,,63,0,,0
o68601,0,,112,0,,0
o68602,0,,77,0,,0
o68603,0,,111,0,,0
o68623,0,0,21,0,0,0
o68625,1,3,3,0,0,0
o68630,0,159,291,0,0,0
o68694,0,0,0,0,0,0
o68724,0,0,2,0,0,0
o68725,,12,27,,0,0
o68726,0,462,79,0,0,0
o68728,2,20,49,0,0,0
o68729,2,76,137,0,0,0
o68730,2,99,38,0,0,0
o68806,0,0,14,0,0,0
o68811,1,,6,0,,0
o68821,0,0,58,0,0,0
o68822,0,693,87,0,3,0
o68824,1,1,1,0,0,0
o68825,1,3,9,0,0,0
o68826,1,3,37,0,0,0
o69073,1,27,1,0,0,0
o69074,5,8,38,0,0,0
o69083,7,,,0,,
o69091,1,,166,0,,0
o69097,0,29,319,0,3,0
o69099,0,39,39,0,3,0
o69100,0,13,67,0,0,0
o69138,2,,48,0,,0
o69139,0,,3,0,,0
o69155,1,,6,0,,0
o69157,0,12,12,0,4,0
o69158,2,,18,0,,0
o69159,0,0,14,0,0,0
o69161,0,2,8,0,0,0
o69190,1,4,10,0,1,0
o69193,,146,973,,0,0
o69202,0,8,12,0,0,0
o69204,2,180,39,0,0,0
o69206,0,7,88,0,2,1
o69207,0,,157,0,,0
o69208,1,,157,0,,0
o69209,0,,1586,0,,5
o69210,2,107,239,0,19,0
o69211,1,107,122,0,12,0
o69212,1,345,475,0,24,1
o69214,1,46,253,0,10,0
o69215,1,78,661,0,13,9
o69218,1,31,7,0,0,0
o69219,,28,10,,0,0
o69220,1,31,27,0,0,0
o69221,1,9,1,0,0,0
o69222,,56,4,,0,0
o69248,10,,24,1,,1
o69314,0,0,4,0,0,0
o69319,1,326,43,0,9,0
o69390,0,58,32,0,0,0
o69391,0,44,16,0,0,0
o69392,0,97,78,0,0,0
o69393,0,101,10,0,0,0
o69394,0,26,10,0,0,0
o69418,1,1,63,0,0,0
o69430,1,3,22,0,1,0
o69469,0,18,12,0,0,0
o69474,0,0,,0,0,
o69485,0,202,3,0,0,0
o69486,0,33,3,0,0,0
o69487,0,,10,0,,0
o69498,0,2,11,0,0,0
o69499,0,10,5,0,0,0
o69507,0,4,6,0,0,0
o69508,3,3,5,0,0,0
o69509,0,10,10,0,0,0
o69510,0,24,10,0,0,0
o69511,0,6,4,0,0,0
o69512,0,36,8,0,0,0
o69514,0,269,20,0,0,0
o69519,0,,0,0,,0
o69520,2,44,2,0,0,0
o69521,0,14,16,0,0,0
o69522,1,3,29,0,0,0
o69525,0,19,10,0,0,0
o69531,0,22,2,0,0,0
o69533,0,30,,0,0,
o69579,1,28,7,0,0,0
o69582,1,112,100,0,0,0
o69584,2,,41,0,,0
o69586,24,30,8,1,1,0
o69599,1,8,17,0,0,0
o69602,0,,7,0,,0
o69631,3,5,9,0,0,0
o69719,,8,32,,0,0
o69729,7,,22,0,,0
o69733,9,435,53,0,0,0
o69741,2,2,4,0,0,0
o69742,2,28,2,0,0,0
o69744,2,,10,2,,0
o69745,5,20,7,0,0,0
o69746,1,3,4,0,0,0
o69749,2,75,2,0,0,0
o69751,0,12,16,0,0,0
o69752,4,24,14,4,3,0
o69753,0,42,2,0,0,0
o69758,2,8,2,0,0,0
o69760,4,4,6,0,0,0
o69761,6,25,91,0,6,0
o69762,0,,5,0,,0
o69763,2,,21,0,,0
o69808,1,790,31,0,0,0
o69837,0,173,80,0,0,0
o69838,0,195,26,0,0,0
o69840,0,17,22,0,0,0
o69844,0,6,4,0,0,0
o69850,1,,3,0,,0
o69885,3,,65,0,,0
o69886,10,10540,739,0,0,0
o69888,14,,309,0,1,23
o69900,1,4,51,0,0,0
o69908,2,52,15,0,4,0
o69909,0,0,2,0,0,0
o69910,0,25,74,0,7,0
o69912,1,14,8,0,0,0
o69913,1,3,16,0,0,0
o69914,2,,5,0,,0
o69915,2,9,11,0,0,0
o69916,2,4,2,0,0,0
o69956,3,,69,0,,0
o69957,0,7,240,0,7,0
o69958,0,1,18,0,1,0
o69961,0,74,5,0,11,0
o69971,3,,9,0,,0
o69991,1,591,7,0,0,1
o69992,0,,492,0,,0
o69997,2,133,2,0,1,0
o70000,2,,4,0,,0
o70011,1,495,15,0,0,0
o70012,5,12,15,0,0,0
o70013,0,84,16,0,0,0
o70014,0,20,11,0,0,0
o70015,0,128,11,0,0,0
o70016,0,16,4,0,0,0
o70017,0,16,17,0,0,0
o70019,0,0,4,0,0,0
o70020,0,0,4,0,0,0
o70022,0,12,6,0,0,0
o70034,9,5,55,1,3,0
o70035,3,338,56,0,9,0
o70036,1,133,975,0,7,2
o70037,1,,47,0,,0
o70193,0,0,12,0,0,0
o70256,1,,1,0,,0
o70267,0,23,4,0,0,0
o70288,0,61,4,0,0,0
o70290,1,,1,0,,0
o70294,1,,1,0,,0
o70295,0,24,12,0,0,0
o70296,2,3,88,0,0,0
o70306,0,0,18,0,0,0
o70366,2,,7,0,,0
o70367,2,10,2,0,2,0
o70368,0,555,149,0,63,0
o70369,6,7,16,0,8,0
o70370,0,973,25,0,34,0
o70371,7,27,10,0,7,0
o70372,4,,8,0,,0
o70373,5,,5,0,,0
o70374,5,7,11,0,3,0
o70375,5,5,7,0,2,0
o70376,2,,6,0,,0
o70377,0,,292,0,,7
o70378,6,21,47,0,7,1
o70379,6,7,40,0,7,1
o70440,0,28,20,0,0,0
o70464,0,0,25,0,0,0
o70468,0,0,11,0,0,0
o70473,0,0,2,0,0,0
o70611,7,7,13,0,0,0
o70914,4,,9,0,,0
o70918,0,11,68,0,0,0
o71153,0,30,40,0,0,0
o71154,0,8,65,0,0,0
o71155,0,0,8,0,0,0
o71157,0,6,32,0,0,0
o71260,9,,447,0,,0
o71265,2,379,29,1,1,0
o71266,4,11,6,1,1,0
o71267,4,49,14,0,1,0
o71268,1,352,11,0,0,0
o71321,0,2074,276,0,0,0
o71323,3,30,11,0,1,0
o71328,2,124,8,0,0,0
o71329,0,,,0,,0
o71333,0,59,,0,0,0
o71342,2,2,10,0,0,0
o71388,1,149,1,0,0,0
o71405,2,233,4,0,0,0
o71406,0,75,28,0,0,0
o71407,2,80,24,0,0,0
o71408,0,12,10,0,0,0
o71409,1,17,5,0,0,0
o71412,0,100,66,0,0,0
o71413,5,5,7,0,0,0
o71424,1,,1,0,,0
o71425,2,,4,0,,0
o71442,0,31,2,0,0,0
o71444,0,45,6,0,0,0
o71446,0,306,16,0,0,0
o71448,0,4,14,0,0,0
o71450,0,28,8,0,0,0
o71453,4,,21,0,,0
o71454,2,23,473,0,11,0
o71471,0,32,771,0,0,3
o71475,39,38,50,0,0,5
o71479,1,144,80,0,0,0
o71534,0,6,4,0,0,0
o71539,0,49,7,0,0,0
o71550,0,201,103,0,0,0
o71551,0,17,45,0,0,0
o71552,0,44,495,0,8,0
o71556,3,3,8,0,0,0
o71565,2,31,178,0,0,0
o71566,0,134,95,0,1,3
o71568,1,,32,0,,0
o71820,1,57,42,0,3,2
o71826,0,6,24,0,0,0
o71827,1,121,,0,9,
o71844,0,41,4,0,0,0
o71845,0,0,8,0,0,0
o71846,0,,21,0,,0
o71847,2,1536,48,0,0,0
o72111,6,47,4,0,4,0
o72113,5,,,0,,
o72175,,160,22,,0,0
o72177,4,8,13,0,1,0
o72181,1,654,15,0,15,0
o72182,0,0,,0,0,
o72184,0,6,19,0,0,0
o72186,1,,,0,,0
o72187,0,44,50,0,8,12
o72189,0,0,14,0,0,0
o72192,0,11,67,0,4,0
o72193,0,0,2659,0,0,0
o72194,0,0,2,0,0,0
o72196,0,15,14,0,0,1
o72199,1,,2,0,,0
o72203,4,,10,0,,0
o72204,0,36,4,0,0,0
o72205,5,,5,0,,0
o72212,2,2,2,0,0,0
o72213,5,,23,0,,0
o72217,6,,24,0,,0
o72221,0,2,8,0,0,0
o72247,0,2455,464,0,94,6
o7230,2,23,4,0,0,0
o72527,4,,,2,2,
o72528,0,0,1022,0,0,36
o72529,0,18,4,0,0,0
o72536,0,12,6,0,0,0
o72570,3,60,34,0,6,0
o72586,3,3,35,0,1,0
o72587,2,2,2,0,1,0
o7264,4,,246,0,,0
o7271,0,18,182,0,0,0
o7276,0,0,11,0,0,0
o7287,0,943,113,0,0,0
o7288,2,33,40,0,0,0
o7289,0,19,22,0,0,0
o7290,0,904,179,0,0,0
o7291,1,136,19,0,0,0
o7292,1,12,33,0,0,0
o7294,1,109,28,0,0,0
o7300,2,,13,0,,0
o73015,0,8,6,0,0,0
o73016,0,0,15,0,0,0
o73018,0,18,45,0,0,0
o73020,0,19,20,0,0,0
o73021,0,21,846,0,0,0
o73022,0,2,51,0,0,0
o73023,0,54,331,0,0,0
o73024,0,27,168,0,0,0
o73025,0,91,389,0,0,0
o73026,0,38,151,0,0,0
o73027,0,12,233,0,0,0
o73029,0,4,6,0,0,0
o73030,0,236,107,0,0,0
o73032,0,0,77,0,0,0
o73033,0,6,12,0,0,0
o73035,0,6,152,0,0,0
o73036,0,18,179,0,0,0
o73037,0,20,177,0,0,0
o73038,0,85,26,0,0,0
o73039,0,10,18,0,0,0
o73041,0,4,71,0,0,0
o73042,0,16,4,0,0,0
o73043,0,88,16,0,0,0
o73044,0,0,4,0,0,0
o73045,0,10,42,0,0,0
o7308,5,13,5,0,0,0
o73108,0,18,8,0,0,0
o73109,0,73,6,0,0,0
o73113,0,0,190,0,0,0
o7313,0,219,440,0,0,0
o7322,24,27,27,0,0,0
o73402,0,4,848,0,0,0
o73407,0,30,4,0,0,0
o73409,3,3,5,0,0,0
o7350,0,98,49,0,0,0
o7374,24,34,29,0,1,0
o7375,1,8,2,0,0,0
o7376,1,444,15,0,8,0
o7377,9,24,34,0,1,0
o7378,4,5,6,0,0,0
o7379,3,335,141,0,22,0
o7380,2,21,113,0,17,0
o7381,0,0,118,0,0,0
o73810,0,2,32,0,0,0
o73815,1,1,81,0,0,0
o7382,6,784,63,0,0,0
o7383,3,4,47,0,1,0
o73831,2,82,266,0,2,10
o7384,1,20,9,0,0,0
o7386,1,7,3,0,0,0
o7387,0,34,4,0,0,0
o7389,1,34,1,0,0,0
o7390,3,11,3,0,0,0
o73913,1,12,5,0,0,0
o73914,0,8,44,0,0,0
o73917,0,0,218,0,0,0
o73918,0,10,14,0,0,0
o73919,0,93,56,0,4,0
o7392,3,427,15,0,0,0
o73920,0,26,5,0,0,0
o73925,0,84,43,0,0,0
o73926,0,12,154,0,1,2
o73927,1,22,76,0,0,0
o73928,0,12,170,0,0,0
o73929,0,19,90,0,0,0
o73930,0,66,16,0,10,0
o73933,0,2,252,0,0,1
o73934,0,11,39,0,0,0
o73935,0,12,2,0,0,0
o73937,1,73,48,0,0,0
o73941,2,183,2,0,0,0
o73946,0,65,15,0,0,0
o73947,0,331,26,0,0,0
o73949,0,0,6,0,0,0
o73950,0,0,53,0,0,0
o73951,0,0,6,0,0,0
o73952,0,0,2,0,0,0
o73953,0,0,215,0,0,0
o73955,0,0,899,0,0,0
o73956,0,0,72,0,0,0
o73960,0,0,0,0,0,0
o73962,0,0,22,0,0,0
o73963,0,83,2,0,0,0
o73969,0,6,6,0,0,0
o73983,2,14,9,0,1,1
o73993,1,5,3,0,0,0
o73996,2,42,2,0,0,0
o73997,2,14,6,0,0,0
o73998,2,14,14,0,0,0
o73999,2,55,6,0,1,0
o74003,0,28,6,0,0,0
o74004,4,4,246,0,1,0
o74005,0,0,69,0,0,0
o74015,1,3,,0,0,
o74019,1,86,5,0,0,0
o74022,0,0,2,0,0,0
o74246,5,7,7,0,0,0
o74365,0,71,14,0,0,0
o74367,0,14,4,0,0,0
o74372,0,0,105,0,0,0
o7438,0,10,8,0,0,0
o74408,2,,9,0,,1
o7441,0,12,10,0,0,0
o74410,0,0,17,0,0,2
o7442,1,117,1,0,0,0
o74422,4,10,4,0,2,0
o74443,5,,9,0,,0
o74444,6,,27,0,,0
o74445,5,,48,0,,2
o74446,5,,145,0,,5
o74447,5,,27,0,,0
o74461,8,,526,0,,81
o74464,16,50,18,0,10,0
o74466,0,0,279,0,0,10
o74488,1,1,203,0,0,0
o74549,4,445,94,0,0,0
o74550,,,111,,1,1
o74551,0,29,26,0,1,0
o74552,,102,193,,1,1
o74553,6,,69,0,,6
o74554,1,28,31,0,3,0
o74555,0,5,71,0,2,0
o74556,13,15,23,0,0,0
o74561,0,71,31,0,10,0
o74562,0,137,78,0,0,0
o74563,0,45,55,0,9,0
o74564,0,169,80,0,33,0
o74591,11,,26,0,,0
o74592,1,79,13,0,0,0
o74593,1,11,14,0,0,0
o74594,10,20,19,0,1,0
o74595,2,6,2,0,1,0
o74598,4,,,0,,
o7462,1,1,3,0,0,0
o7488,1,,1,0,,0
o7490,1,,1,0,,0
o74930,22,,48,0,,2
o74931,12,,38,0,,0
o74932,5,5,5,0,0,0
o7495,0,8,84,0,2,0
o74957,10,,25,0,,0
o7496,0,134,15,0,1,0
o7498,0,12,32,0,3,0
o7499,0,42,35,0,5,0
o7500,,421,8,,0,0
o75090,3,206,1,0,1,0
o75093,0,,12,0,,0
o75094,2,208,32,0,5,0
o75096,2,5,9,0,1,0
o75099,3,9,19,1,3,0
o75109,1,,1,1,,1
o75128,1,,18,0,,0
o7513,3,24,3,0,0,0
o7514,0,92,129,0,0,0
o75145,2,,2,0,,0
o7515,0,8,96,0,0,1
o7516,0,4,4,0,0,0
o7517,0,2,2,0,0,0
o75202,0,0,81,0,0,0
o75281,0,2,70,0,0,0
o75282,0,59,42,0,0,0
o75283,0,15,107,0,0,0
o75284,0,71,118,0,0,0
o75285,0,163,18,0,0,0
o75287,0,203,77,0,0,0
o7540,12,33,42,0,1,0
o75559,6,10,16,0,0,0
o75560,4,,9,0,,0
o75561,2,,18,0,,0
o75562,4,186,4,0,0,0
o75563,6,12,10,0,0,0
o75565,1,,200,0,,7
o75573,2,4,6,0,0,0
o75574,2,11,4,0,0,0
o75589,0,335,205,0,0,0
o75593,0,57,2,0,0,0
o75594,0,2,2,0,2,0
o75595,1,1,1,0,1,0
o75597,3,,3,1,,0
o75598,5,60,10,0,1,0
o75601,11,,46,0,,0
o75602,7,,50,0,,0
o75613,0,14,73,0,0,0
o7573,0,47,290,0,0,0
o7574,2,79,6,0,1,0
o7578,0,16,10,0,0,0
o7579,0,174,14,0,0,0
o75860,1,36,26,0,0,0
o7607,2,2,128,0,0,0
o76155,0,0,242,0,0,0
o76156,0,0,114,0,0,0
o76160,1,,1,0,,0
o7633,0,8,4,0,0,0
o76439,1,,18,0,,0
o76440,6,8,15,0,3,0
o76465,1,,35,0,,0
o76472,1,205,5,0,0,0
o76477,3,3,3,0,0,0
o76479,1,76,1,0,0,0
o76552,0,0,12,0,0,0
o76554,0,0,2,0,0,0
o76564,0,,10,0,,0
o76583,0,46,2,0,0,0
o76630,2,2,8,0,0,0
o76638,0,0,,0,0,
o76639,0,0,,0,0,
o76642,0,,,0,,
o76654,0,0,2,0,0,0
o76656,1,,,0,,
o76658,0,,,0,,
o76659,0,0,,0,0,
o76660,0,0,4,0,0,0
o76664,1,,1,0,,0
o76665,0,44,,0,,
o76669,0,0,63,0,0,5
o76678,4,6,4,0,0,0
o76740,0,55,30,0,0,0
o76742,0,204,6,0,0,0
o76743,1,120,23,0,0,1
o76745,8,,23,0,,0
o76760,8,8,10,0,0,0
o76761,4,4,4,0,0,0
o76763,7,7,7,0,0,0
o76764,8,,11,0,,1
o76765,10,11,10,0,0,0
o76766,6,7,9,0,0,0
o76785,10,,10,1,,2
o76831,0,14,14,0,0,0
o76853,0,0,26,0,0,0
o76865,0,,,0,,0
o76869,0,18,6,0,0,0
o76874,0,4,15,0,0,0
o76899,0,16,10,0,0,0
o76905,10,86,565,0,11,0
o76906,0,17,44,0,0,0
o76944,2,,,0,,
o77233,1,7,5,0,0,0
o77264,0,248,320,0,2,8
o77275,4,26,4,0,0,0
o77276,9,,97,0,,0
o77298,34,,64,19,,0
o77299,54,,193,27,,0
o77302,0,0,72,0,0,0
o77303,0,0,52,0,0,0
o77304,0,,,0,2,
o77307,4,10,8,0,0,0
o77312,1,79,104,0,2,0
o77317,0,2,129,0,2,1
o77344,0,271,7,0,1,0
o77367,1,3,7,0,0,0
o77397,9,9,14,0,1,0
o77402,1,,33,0,,0
o77403,0,27,113,0,0,3
o77406,0,8,14,0,0,0
o77414,1,,1,0,,0
o77420,0,2,6,0,0,0
o77425,1,,1,0,,0
o77435,4,,32,0,,0
o77699,0,,,0,,
o77704,0,4,6,0,0,0
o77712,0,4,52,0,0,0
o77727,1,315,37,0,0,0
o77730,3,,7,0,,0
o77732,0,6,75,0,0,0
o77735,0,,,0,,
o77739,1,8,2,0,1,1
o77740,1,3,1,0,0,0
o78014,4,,30,0,,0
o78015,1,27,67,0,0,0
o78021,0,,46,0,,2
o78036,0,23,24,0,0,0
o78037,0,19,3632,0,0,0
o78057,2,2,340,0,0,0
o78058,2,,34,0,,0
o78060,6,7,13,0,1,0
o78061,10,11,31,0,5,0
o78064,0,17,26,0,0,0
o78081,0,,168,0,1,3
o78082,2,14,92,0,0,0
o78102,0,8,4,0,0,0
o78155,0,4,6,0,0,0
o78398,0,109,14,0,0,0
o78400,0,,4,0,,0
o78404,0,12,8,0,0,0
o78447,0,16,6,0,0,0
o78451,0,8,6,0,0,0
o78453,0,4,16,0,0,0
o78457,0,0,4,0,0,0
o78463,1,13,306,0,2,0
o78474,0,12,48,0,0,0
o78476,0,0,2,0,0,0
o78477,0,40,8,0,0,0
o78478,0,0,16,0,0,0
o78479,0,0,44,0,0,0
o78481,0,0,10,0,0,0
o78482,0,0,6,0,0,0
o78729,,0,2,,0,0
o78734,1,25,19,0,0,0
o78735,8,256,64,0,0,0
o78738,0,150,121,0,7,24
o78739,8,424,179,0,37,14
o78777,0,106,642,0,0,0
o78783,2,,4,0,,0
o78891,0,169,471,0,0,0
o78892,7,14,11,0,0,0
o78893,0,4,601,0,0,0
o78895,0,1489,35,0,0,0
o78896,0,887,109,0,0,0
o78957,2,2,12,0,0,0
o78958,4,169,9,0,5,0
o78960,0,0,12,0,0,0
o78964,3,31,60,2,3,3
o78997,0,4,11,0,0,0
o79008,0,0,416,0,0,13
o79009,4,14,600,0,2,26
o79015,0,34,68,0,6,17
o79016,,,2,3,,1
o79018,0,0,24,0,0,0
o79022,3,,462,0,,7
o79030,3,718,272,0,0,0
o79077,,397,81,,0,0
o79080,2,2,2,0,0,0
o79423,1,,88,0,,0
o79425,0,36,2,0,0,0
o79427,1,3,5,0,1,0
o79428,1,3,5,0,0,0
o79429,2,,5,0,,0
o79434,0,5,6,0,5,0
o79439,0,0,4,0,0,0
o79440,0,4,261,0,4,0
o79441,1,3,3,0,0,0
o79442,0,2,6,0,1,1
o79443,2,,3,0,,0
o79445,0,0,4,0,0,0
o79447,0,0,0,0,0,0
o79448,0,3,25,0,3,0
o79449,1,3,11,0,0,0
o79450,0,14,2,0,0,0
o79452,0,0,120,0,0,3
o79456,0,39,16,0,0,0
o79458,3,3,42,0,0,0
o79473,6,10,,0,1,
o79474,0,1,41,0,1,0
o79475,0,7,9,0,7,0
o79476,0,3,,0,0,
o79477,0,2,3,0,0,0
o79481,1,1,1,0,0,0
o79482,1,,13,0,,0
o79489,4,15,3,0,1,0
o79490,0,0,7,0,0,0
o79491,1,,1,0,,0
o79492,3,,17,0,,0
o79494,0,53,1,0,4,0
o79495,2,2,2,0,0,0
o79498,0,0,10,0,0,0
o79500,1,33,7,0,0,0
o79503,3,,8,0,,0
o79504,0,13,35,0,9,0
o79513,0,0,6,0,0,0
o79516,0,1,12,0,1,0
o79518,0,2,28,0,2,0
o79519,1,100,10,0,4,0
o79522,2,2,3,0,0,0
o79539,3,,3,0,,0
o79541,1,2,2,0,0,0
o79542,2,2,1,0,2,0
o79550,3,3,3,0,0,0
o79554,0,4,9,0,4,0
o79557,1,1,1,0,0,0
o79558,0,0,18,0,0,0
o79561,0,1,0,0,1,0
o79563,4,4,3,0,2,0
o79589,0,0,2,0,0,0
o79592,4,4,4,0,4,0
o79600,0,1,35,0,1,0
o79604,3,,127,0,,0
o79609,2,2,2,0,2,0
o79613,0,0,137,0,0,0
o79622,0,14,2,0,0,0
o79650,2,144,4,0,0,0
o79651,4,,170,0,,0
o79654,1,1,1,0,0,0
o79656,12,,35,0,,0
o79669,2,39,23,0,1,0
o79705,1,1,8,0,0,0
o79709,3,29,3,0,0,0
o79711,0,10,9,0,0,0
o79712,1,,2,0,,0
o79714,1,,3,0,,0
o79715,1,,1,0,,0
o79717,1,13,7,0,0,0
o79722,4,4,4,0,0,0
o79727,1,3,32,0,0,0
o79743,7,,,0,,
o79782,0,,43,0,,0
o79850,17,,33,0,,0
o79851,9,,18,0,,0
o79893,0,0,264,0,0,0
o80161,5,,67,0,,0
o80208,1,6,7753,0,1,515
o80234,0,4,251,0,0,0
o80235,,1563,1583,,72,13
o80248,1,3,251,0,0,0
o80249,1,3,184,0,0,0
o80251,1,9,,0,3,
o80277,0,476,15,0,0,0
o80279,0,27,6,0,0,0
o80280,0,14,49,0,0,0
o80287,0,2,6,0,0,0
o80292,1,2,3,0,0,0
o80293,0,2,4,0,1,0
o80298,4,7,8,0,2,0
o80302,0,39,418,0,0,9
o80303,3,15,24,0,0,0
o80306,1,5,141,0,0,0
o80324,2,,351,0,,0
o80326,3,,148,0,,0
o80622,1,1,1,0,0,0
o80670,0,0,82,0,0,0
o80681,5,23,25,0,5,0
o80829,0,42,27,0,0,0
o80830,0,29,53,0,0,0
o80831,5,275,61,0,0,0
o81108,4,,44,0,,1
o81117,0,101,44,0,0,0
o81119,1,6,101,0,0,0
o81125,1,,85,0,,0
o81127,0,49,14,0,0,0
o81128,0,0,184,0,0,0
o81129,0,2,200,0,0,0
o81130,0,16,20,0,0,0
o81131,0,4,293,0,0,0
o81132,0,118,369,0,0,0
o81133,0,4,19,0,0,0
o81134,0,0,295,0,0,0
o81135,0,0,274,0,0,0
o81159,1,12,,0,2,
o81160,1,25,,0,2,
o81164,1,24,43,1,1,0
o81186,0,44,6,0,0,0
o81495,0,0,0,0,0,0
o81496,0,0,34,0,0,0
o81497,0,0,2,0,0,0
o81498,0,0,6,0,0,0
o81499,0,0,23,0,0,0
o81522,11,166,21,0,0,0
o81526,3,11,10,0,1,0
o81530,5,4,4,1,2,1
o81531,4,5,5,0,1,0
o81532,4,4,4,0,1,0
o81533,6,48,7,0,1,0
o81562,5,5,6,0,0,0
o81564,5,5,5,0,1,0
o81565,5,5,9,0,0,0
o81566,5,5,5,0,1,0
o81573,0,0,2,0,0,0
o81574,2,,3,0,,0
o81575,2,,2,0,,0
o81576,4,4,9,0,0,0
o81578,5,5,9,0,0,0
o81581,5,,5,0,,0
o81583,3,3,10,0,0,0
o81587,4,4,5,0,0,0
o81588,0,12,12,0,0,0
o81589,0,0,8,0,0,0
o81591,1,1,1,0,0,0
o81593,2,3,2,0,0,0
o81594,2,1,4,0,0,0
o81595,5,11,10,0,0,0
o81596,9,9,9,0,0,0
o81597,8,,10,0,,0
o81600,6,,18,0,,0
o81650,0,0,41,0,0,0
o81652,3,,135,0,,4
o81671,0,14,6,0,0,0
o81686,4,,6,0,,0
o81723,0,0,12,0,0,0
o81725,0,141,4,0,0,0
o81728,0,103,16,0,0,0
o81742,0,,56,0,,0
o81745,1,,1,0,,0
o81880,0,2,10,0,0,0
o82144,1,3,353,0,0,1
o82145,0,0,22,0,0,0
o82148,3,,25,0,,0
o82149,3,113,5,0,1,0
o82151,0,51,933,0,0,0
o82154,4,,7,0,,0
o82156,1,67,8,0,1,0
o82159,0,18,46,0,0,0
o82199,0,225,19,0,7,0
o82223,0,11,2,0,4,0
o82234,0,0,8,0,0,0
o82239,1,,1,0,,0
o82241,1,1,48,0,0,0
o82243,1,,,0,,
o82248,13,14,68,0,0,0
o82250,19,71,67,0,0,0
o82251,1,3,43,0,1,0
o82252,4,76,53,0,4,0
o82255,,,203,,,0
o82256,0,76,44,0,0,0
o82257,2,,1,0,,0
o82258,4,,502,0,,1
o82259,3,,110,0,,0
o82273,1,44,38,0,25,2
o82278,1,,132,0,,0
o82281,1,,58,0,,0
o82282,1,3,5,0,0,0
o82284,1,1,1,0,1,0
o82286,0,0,2,0,0,0
o82288,0,4,2,0,0,0
o82290,0,20,6,0,0,0
o82292,1,1,7,0,1,0
o82294,0,88,6,0,0,0
o82296,1,3,5,0,2,0
o82298,1,3,3,0,2,0
o82300,1,1,7,0,1,0
o82305,0,4,8,0,0,0
o82307,0,4,6,0,0,0
o82311,0,4,12,0,0,0
o82317,2,6,27,0,3,0
o82323,2,6,10,0,2,0
o82331,2,6,10,0,2,0
o82337,2,,16,0,,0
o82339,2,6,24,0,2,0
o82346,2,2,22,0,2,0
o82347,2,22,26,0,2,0
o82349,2,6,20,0,1,0
o82351,2,6,18,0,3,0
o82369,2,,10,0,,0
o82370,,2,22,0,1,0
o82372,2,2,6,0,2,0
o82377,1,39,3,0,1,0
o82378,1,1,3,0,1,0
o82380,1,13,5,0,1,0
o82405,1,,5,0,,0
o82406,1,17,31,0,2,0
o82408,1,12,46,0,1,0
o82417,1,1,1,0,1,0
o82419,1,15,46,0,2,0
o82421,1,35,6,0,1,0
o82423,1,40,34,0,1,0
o82425,1,10,48,0,2,0
o82452,1,20,12,0,2,0
o82465,1,17,17,0,0,0
o82467,1,3,56,0,1,0
o82481,2,,6,0,,0
o82503,1,,39,0,,0
o82544,1,7,9,0,1,0
o82555,1,13,31,0,3,0
o82569,2,,2,0,,0
o82570,2,6,14,0,3,0
o82571,2,4,28,0,3,0
o82573,2,6,34,0,2,0
o82616,1,5,7,0,2,0
o82618,1,20,5,0,1,0
o82632,1,,41,0,,0
o82635,1,11,1,0,1,0
o82637,1,5,19,0,1,0
o82640,0,8,14,0,0,0
o82642,0,24,8,0,0,0
o82646,0,2,14,0,0,0
o82647,1,5,17,0,1,0
o82649,1,,7,0,,0
o82651,1,3,11,0,2,0
o82653,1,173,17,0,1,0
o82654,1,215,15,0,2,0
o82655,1,33,17,0,0,0
o82657,1,55,7,0,2,0
o82663,0,8,6,0,0,0
o82664,1,171,3,0,1,0
o82666,1,5,17,0,2,0
o82667,1,33,19,0,2,0
o82669,1,1,13,0,1,0
o82671,1,3,9,0,1,0
o82674,1,9,1,0,2,0
o82676,1,1,11,0,0,0
o82678,0,88,14,0,0,0
o82680,1,9,5,0,2,0
o82682,1,15,13,0,2,0
o82686,0,5,4,0,0,0
o82688,0,2,14,0,0,0
o82694,1,7,19,0,1,0
o82696,2,2,10,0,2,0
o82704,1,38,11,0,2,0
o82706,2,8,14,0,2,0
o82708,1,1,5,0,1,0
o82710,1,17,29,0,1,0
o82712,1,3,15,0,1,0
o82714,1,40,15,0,1,0
o82716,0,0,10,0,0,0
o82718,0,12,8,0,0,0
o82719,0,32,11,0,0,0
o82721,0,0,11,0,0,0
o82723,0,117,8,0,0,0
o82725,0,20,2,0,0,0
o82726,1,1,37,0,1,0
o82728,1,3,17,0,1,0
o82730,1,5,23,0,1,0
o82738,1,19,53,0,2,0
o82740,1,1,35,0,1,0
o82746,1,,39,0,,0
o82753,1,11,40,0,2,0
o82754,1,,3,0,,0
o82756,1,11,54,0,2,0
o82760,1,7,17,0,0,0
o82764,2,,8,0,,0
o82766,1,9,23,0,2,0
o82773,1,9,21,0,0,0
o82776,1,128,33,0,2,0
o8278,4,32,19,0,0,0
o82811,1,17,37,0,2,0
o82821,2,8,22,0,3,0
o82824,1,,23,0,,0
o82825,1,13,29,0,2,0
o82827,1,25,43,0,1,0
o82829,1,17,3,0,0,0
o82831,1,1,3,0,1,0
o82834,1,33,14,0,1,0
o82836,1,103,15,0,2,0
o82849,2,2,56,0,2,0
o82851,2,2,36,0,1,0
o82853,1,3,1,0,2,0
o82864,2,6,35,0,4,0
o82873,2,,43,0,,0
o82881,2,2,55,0,2,0
o82900,2,4,40,0,3,0
o82914,1,3,15,0,0,0
o82915,1,45,68,0,2,0
o82916,1,55,56,0,2,0
o82917,1,9,30,0,1,0
o82919,1,9,74,0,1,0
o82923,0,4,9,0,0,0
o82943,1,3,5,0,1,0
o82963,1,3,15,0,2,0
o82972,1,,7,0,,0
o82974,1,3,33,0,1,1
o82978,1,3,37,0,1,1
o82980,1,3,38,0,1,0
o82992,1,9,13,0,1,0
o83016,1,3,37,0,2,0
o83017,1,1,45,0,1,0
o83018,1,374,53,0,1,0
o83019,1,1,58,0,1,0
o83020,1,9,75,0,0,0
o83022,1,76,1,0,2,0
o83024,1,,9,0,,0
o83026,1,39,19,0,1,0
o83034,1,3,1,0,1,0
o83046,1,42,28,0,3,0
o83048,1,15,11,0,2,0
o83056,1,15,26,0,1,0
o83058,1,332,37,0,1,0
o83066,1,23,33,0,2,0
o83068,1,,7,0,,0
o83077,0,26,,0,2,
o83078,0,,45,0,,0
o83086,0,,309,0,,9
o83092,,24,18,,6,0
o83129,2,,23,0,1,0
o83130,3,,34,0,,0
o83131,0,34,50,0,5,0
o83137,3,4,79,1,1,0
o83138,3,100,18,0,1,0
o83139,1,2,1,0,0,0
o83140,2,1,18,0,1,0
o83141,1,26,21,0,0,0
o83151,0,3,,0,1,
o83154,0,89,12,0,0,0
o83155,0,37,30,0,0,0
o83167,1,29,35,0,0,0
o83168,1,1,21,0,0,0
o83170,1,5,1,0,0,0
o83253,0,58,58,0,0,0
o83258,1,76,17,0,2,0
o83269,0,0,10,0,0,0
o83270,0,25,,0,0,
o83272,3,7,13,0,0,0
o83275,,7,13,,0,0
o83276,1,23,89,0,5,0
o83277,0,133,52,0,0,0
o83279,0,50,15,0,0,0
o83280,2,539,27,0,0,0
o83282,1,7,118,0,7,0
o83283,0,,103,0,,0
o83286,123,,138,26,,24
o83287,144,1049,771,0,107,0
o83289,8,9,12,0,0,0
o83290,1,,30,0,,0
o83291,2,,20,0,,0
o83292,5,,14,0,,0
o83293,2,105,26,0,0,0
o83294,2,8,21,0,0,0
o83301,0,2,23,0,0,0
o83308,0,8,8,0,0,0
o83312,0,10,16,0,0,0
o83326,1,,1,0,,0
o83341,0,28,10,0,0,0
o83357,0,2,43,0,0,0
o83374,1,,,0,,
o83390,0,16,4,0,0,0
o83391,3,5,3,0,0,0
o83392,3,129,4,0,9,0
o83393,3,23,61,0,3,0
o83394,6,10,12,0,1,0
o83406,1,3,5,0,0,0
o83410,0,0,64,0,0,0
o83411,5,5,5,0,0,0
o83675,1,13,61,0,0,0
o83677,4,,152,1,,12
o83684,3,3,3,0,0,0
o83685,3,17,3,0,0,0
o83687,1,2,2,0,1,0
o83688,1,1,1,0,0,0
o83689,6,5,4,1,1,0
o83690,1,3,1,0,1,0
o83692,0,10,8,0,0,0
o83693,0,,10,0,,0
o83695,0,4,8,0,0,0
o83697,3,3,3,0,0,0
o83698,0,2,4,0,0,0
o8370,0,6,327,0,0,6
o83702,0,0,10,0,0,0
o83705,0,2,6,0,0,0
o83707,0,38,6,0,0,0
o83708,4,,4,0,,0
o83709,3,3,3,0,0,0
o83710,0,0,1,0,0,0
o83711,0,10,10,0,0,0
o83712,0,32,12,0,0,0
o83718,0,2,28,0,0,0
o83719,4,3,2,0,1,0
o83720,0,120,38,0,0,0
o83721,0,10,34,0,0,0
o83722,0,4,13,0,0,0
o83723,1,1,1,0,0,0
o83725,1,1,1,0,0,0
o83726,0,30,15,0,0,0
o83739,0,37,4,0,0,0
o83748,2,2,51,0,0,0
o83757,1,,5,0,,0
o83771,1,15,,0,0,
o83807,1,3,15,0,0,0
o83812,4,,4,0,,0
o83813,5,8,,0,0,
o83815,1,,,0,,
o83828,8,,,0,,
o8383,1,256,54,0,8,6
o83834,2,2,82,0,0,9
o83835,3,,,0,,
o83837,0,0,,0,0,
o83838,0,0,,0,0,
o83839,0,0,,0,0,
o83840,0,0,,0,0,
o83841,0,0,201,0,0,0
o83844,1,3,39,0,0,0
o83845,1,3,1,0,0,0
o83846,1,3,229,0,0,0
o83847,1,3,309,0,0,0
o83850,1,13,,0,1,
o83854,2,2,41,0,0,0
o83855,0,6,32,0,0,0
o83859,,0,14,,0,0
o83864,0,225,26,0,0,0
o83898,1,11,1,0,0,0
o83902,4,4,4,0,0,0
o83932,1,,1371,0,1,1
o83934,0,,4,0,,0
o83938,2,6,2,0,0,0
o83939,2,,5,0,,0
o83940,0,29,2,0,0,0
o83990,7,19,20,0,1,0
o83992,0,38,159,0,6,0
o83993,7,22,115,0,2,1
o84027,0,19,10,0,0,0
o84028,0,56,7,0,0,0
o8403,2,22,10,0,0,0
o84043,1,1,9,0,0,0
o84044,0,6,36,0,2,0
o84047,0,0,44,0,0,0
o84048,0,30,56,0,0,0
o84049,0,0,60,0,0,0
o84050,0,90,10,0,0,0
o84051,0,82,16,0,0,0
o84052,0,2,44,0,0,0
o84053,0,22,74,0,0,0
o84054,0,8,60,0,0,0
o84055,0,95,48,0,0,0
o84069,5,,393,0,,0
o84111,0,12,64,0,0,0
o84114,0,576,26,0,0,0
o8412,4,,14,0,,0
o84134,0,0,56,0,0,0
o84154,1,7,45,0,2,0
o84199,1,254,79,0,18,2
o84200,0,14,261,0,0,3
o84201,3,3,8,0,0,0
o84204,4,12,4,0,0,0
o84205,1,59,,0,1,
o84208,1005,302,,1001,3,
o84263,1,,1,0,,0
o84268,3,3,36,0,1,0
o84269,0,0,130,0,0,0
o84270,13,,211,0,,0
o84271,6,,259,0,,0
o8432,2,,2,0,,0
o84327,0,,331,0,,0
o84330,2,,62,0,,0
o84331,0,0,186,0,0,0
o84343,2,4,10,0,0,2
o8435,9,9,9,0,0,0
o84354,0,28,10,0,0,0
o84363,0,0,8,0,0,0
o84373,0,,4,0,,0
o84383,0,48,112,0,0,7
o8487,1,37,1,0,0,0
o84873,0,520,125,0,0,0
o84879,6,6,6,0,0,0
o8489,0,504,15,0,0,0
o8490,0,2,424,0,0,0
o84908,0,38,22,0,0,0
o8491,1,84,3,0,0,0
o8492,1,23,21,0,0,0
o84921,0,45,174,0,0,0
o8493,0,58,289,0,4,0
o8494,3,15,15,0,1,0
o85086,1,,4,0,,0
o85087,,67,,,0,
o85090,0,165,34,0,0,0
o85175,3,,3,0,,0
o85177,0,2,10,0,0,0
o85179,2,,2,0,,0
o85180,2,28,12,0,0,0
o85183,0,1028,20,0,0,0
o85185,5,146,7,0,0,0
o85186,2,2,23,0,0,0
o85187,0,,0,0,,0
o85188,0,,31,0,,0
o85189,4,,3,0,,0
o85190,1,,10,0,,2
o85193,2,,4,0,,0
o85194,2,6,2,0,1,0
o85195,1,,29,0,,0
o85196,1,,31,0,,0
o85197,0,,10,0,,0
o85198,1,17,7,0,1,0
o85199,2,37,2,0,0,0
o85202,0,50,4,0,0,0
o85203,0,,11,0,,0
o85205,0,16,8,0,0,0
o85208,0,29,18,0,6,0
o85211,0,,142,0,,0
o85214,0,2,,0,0,
o85250,0,10,71,0,0,0
o85251,0,51,24,0,0,0
o85252,0,12,10,0,0,0
o85253,0,6,14,0,0,0
o85254,0,4,20,0,0,0
o85256,0,127,22,0,12,0
o85467,0,265,12,0,5,0
o85667,0,18,6,0,0,0
o85875,0,12,7,0,6,0
o85901,0,8,6,0,0,0
o85906,0,53,10,0,0,0
o85907,1,,1,0,,0
o85909,0,4,2,0,0,0
o85911,0,9,5,0,6,0
o85913,0,18,9,0,0,0
o85918,0,2,14,0,0,0
o85925,2,12,2,0,0,0
o85927,0,6,4,0,0,0
o85930,1,,1,0,,0
o85940,0,,1,0,,0
o85947,0,108,8,0,0,0
o85951,,203,17,0,0,0
o85967,1,7,9,0,0,0
o85972,2,2,4,0,0,0
o85973,3,3,5,0,0,0
o85984,0,8,28,0,0,0
o85985,0,8,2,0,0,0
o8618,0,0,55,0,0,0
o86222,0,231,6,0,0,0
o86226,0,6,11,0,0,0
o86359,0,10,12,0,0,0
o86372,0,137,4,0,4,0
o8640,0,,116,0,,0
o86499,0,14,7,0,0,0
o86524,0,6,6,0,0,0
o86532,0,6,12,0,5,0
o86603,0,12,6,0,0,0
o86643,0,14,2,0,0,0
o86808,0,0,10,0,0,0
o8776,3,,23,0,,0
o8777,0,0,132,0,0,0
o87817,,45,8,0,0,0
o87825,1,5,3,0,1,0
o87829,0,103,4,0,0,0
o87848,0,18,6,0,0,0
o87854,0,37,4,0,0,0
o87861,1,23,1,0,0,0
o87865,9,,30,0,,0
o87888,0,30,,0,0,
o87890,0,6,8,0,0,0
o88110,1,,6,0,,0
o88112,0,2,4,0,0,0
o88160,3,,7,0,,0
o88220,2,2,16,0,2,1
o88583,0,44,11,0,0,0
o88584,5,5,5,0,0,0
o88585,0,226,13,0,0,0
o88586,6,6,6,0,0,0
o88587,0,0,30,0,0,0
o88588,7,7,7,0,0,0
o88596,0,0,2,0,0,0
o88605,2,202,8,0,0,0
o88607,1,,1,0,,0
o88671,5,,27,0,,0
o88674,1,78,11,0,1,0
o88675,2,39,8,0,1,0
o88676,3,163,11,0,1,0
o88969,2,,2,0,,0
o89003,0,646,5,0,20,0
o89030,2,,6,0,,0
o89088,0,17,8,0,0,0
o89096,0,142,124,0,0,0
o89099,0,0,16,0,0,0
o89106,0,2,4,0,2,0
o89108,0,0,8,0,0,0
o89135,1,,1,0,,0
o89147,,7,3,,2,0
o89194,0,23,64,0,7,0
o89197,0,104,4,0,0,0
o89201,0,165,21,0,0,0
o89213,0,164,25,0,0,0
o89215,1,9,1,0,0,0
o89218,0,70,30,0,4,3
o89223,1,,1,0,,0
o89230,3,,5,0,,0
o89487,1,804,42,0,0,0
o89496,,,5,,,0
o89498,2,,2,0,,0
o89499,1,33,1,0,0,0
o89504,4,119,30,0,0,0
o89519,7,,38,2,,3
o89521,1,,3,1,,3
o89523,1,224,1,0,0,0
o89524,3,,98,0,,0
o89532,2,,61,0,,1
o89560,1,,5,0,,0
o89629,3,3,191,0,0,0
o89638,3,40,15,0,1,0
o89639,3,32,4,1,1,0
o89656,0,431,3,0,0,0
o89660,0,2,8,0,0,0
o89670,1,14,17,0,0,0
o89671,1,,13,0,,0
o89678,0,,10,0,,0
o89680,0,0,2,0,0,0
o89687,0,28,8,0,0,0
o89688,0,111,56,0,0,0
o89700,0,18,32,0,0,0
o89702,0,0,4,0,0,0
o89703,0,108,14,0,0,0
o89704,0,21,8,0,0,0
o89710,16,24,138,3,3,13
o89712,2,2,6,0,0,0
o89718,3,,87,0,,0
o89719,2,,71,0,,0
o89720,3,,44,0,,0
o89721,3,,54,0,,0
o89723,5,,52,0,,0
o89724,5,,40,0,,0
o89725,5,,80,0,,0
o89726,2,,36,0,,0
o89727,2,,69,0,,0
o89728,2,,49,0,,0
o89729,3,,37,0,,0
o89730,4,,89,0,,0
o89731,3,,48,0,,0
o89732,2,,51,0,,0
o89733,2,,40,0,,0
o89734,4,,18,0,,0
o89735,5,,65,0,,0
o89736,2,,66,0,,0
o89740,2,,195,0,,0
o89741,2,,43,0,,0
o89742,2,,33,0,,0
o89743,4,,76,0,,0
o89745,3,,50,0,,0
o89746,3,,230,0,,0
o89747,2,,78,0,,0
o89748,3,,87,0,,0
o89764,1,13,3,0,0,0
o89792,1,49,,0,,
o89793,0,0,,0,0,
o89833,0,,0,0,,0
o89888,3,,50,0,,1
o89890,5,,59,0,,3
o89891,2,,58,0,,3
o89892,4,,14,0,,0
o89893,5,,50,0,,1
o89894,2,,40,0,,3
o89900,0,0,4,0,0,0
o89914,1,18,8,0,4,0
o89915,1,36,206,0,0,0
o89941,0,8,8,0,0,0
o89984,0,32,14,0,0,0
o89985,1,3,5,0,0,0
o89986,2,357,231,0,0,0
o89987,0,26,8,0,0,0
o89988,2,2,6,0,0,0
o89989,0,4,11,0,0,0
o90000,0,0,4,0,0,0
o90027,3,,5,0,,0
o90068,2,,16,0,,0
o90072,0,0,8,0,0,0
o90119,0,606,8,0,1,0
o90127,1,1,1,0,0,0
o90138,0,0,11,0,0,0
o90155,0,0,14,0,0,0
o90161,1,10,2,0,0,0
o90171,0,0,0,0,0,0
o90179,3,3,3,0,0,0
o90185,3,4,3,0,0,0
o90189,1,1,1,0,0,0
o90193,1,,3,0,,0
o90203,0,2,12,0,0,0
o90209,0,0,6,0,0,0
o90210,0,0,4,0,0,0
o90215,1,,4,0,,0
o90219,0,,0,0,,0
o90224,3,,21,0,,0
o90225,0,0,2,0,0,0
o90230,0,0,2,0,0,0
o90233,0,,2,0,,0
o90234,0,0,8,0,0,0
o90240,0,4,4,0,0,0
o90242,1,3,3,0,0,0
o90246,3,28,4,0,0,0
o90248,0,,1,0,,0
o90249,1,,2,0,,0
o90253,0,12,8,0,0,0
o90257,1,,3,1,,0
o90260,1,,1,0,,0
o90264,1,,2,0,,0
o90265,1,,1,0,,0
o90268,2,,3,0,,0
o90275,0,,0,0,,0
o90279,0,,0,0,,0
o90282,0,226,4,0,0,0
o90286,2,,4,0,,0
o90287,,39,2,1,2,0
o90298,0,0,2,0,0,0
o90301,0,0,6,0,0,0
o90308,0,0,2,0,0,0
o90313,1,20,3,0,1,1
o90314,1,335,3,0,2,0
o90316,0,,6,0,,0
o90322,3,,8,0,,0
o90323,3,,9,0,,0
o90325,1,1,1,0,0,0
o90333,3,,17,0,,0
o90334,1,,1,0,2,0
o90335,1,3,1,0,0,0
o90338,0,0,0,0,0,0
o90339,0,49,11,0,0,0
o90345,0,0,2,0,0,0
o90347,0,0,16,0,0,0
o90351,2,2,2,0,0,0
o90352,5,,,0,,
o90353,4,,6,0,,0
o90354,6,5,6,0,0,0
o90355,1,10,2,0,0,0
o90362,3,,4,0,,0
o90364,3,,,0,,
o90368,1,,3,0,,0
o90373,0,,0,0,,0
o90383,1,,6,0,,0
o90384,3,,18,0,,0
o90386,2,2,2,0,0,0
o90388,2,8,3,0,0,0
o90390,1,10,3,0,0,0
o90391,4,3,6,0,0,0
o90397,,0,8,,0,0
o90402,2,,4,0,,0
o90404,2,,1,0,,0
o90407,0,,3,0,,0
o90417,2,,,0,,
o90420,0,0,171,0,0,0
o90425,0,0,36,0,0,0
o90437,3,3,7,0,1,0
o90440,2,12,10,0,0,0
o90441,2,8,2,0,0,0
o90442,2,,4,0,,0
o90448,0,0,6,0,0,0
o90449,1,17,7,0,0,0
o90485,0,18,22,0,0,0
o90494,1,163,1,0,0,0
o90567,0,0,8,0,0,0
o90577,2,43,2,0,0,0
o90605,0,3,4,0,1,0
o90607,5,86,35,1,1,0
o90612,11,55,22,0,0,0
o90613,11,19,39,0,0,0
o90615,10,311,32,0,0,0
o90618,0,10,14,0,0,0
o90619,0,26,16,0,0,0
o90620,0,68,4,0,0,0
o90650,0,8,90,0,0,0
o90651,0,81,22,0,0,0
o90652,0,28,2,0,0,0
o90658,0,50,32,0,0,0
o90669,0,77,28,0,0,0
o90675,0,529,26,0,0,0
o90676,0,649,2,0,0,0
o90681,0,4,14,0,0,0
o90685,0,350,18,0,0,0
o90686,0,17,18,0,0,0
o90690,0,10,4,0,0,0
o90695,0,6,8,0,0,0
o90698,84,,99,0,,0
o90705,35,,42,0,,0
o90706,0,8,24,0,0,0
o90709,3,7,15,0,0,0
o90710,0,533,22,0,0,0
o90711,0,148,18,0,0,0
o90712,0,6,74,0,0,0
o90713,0,6,54,0,0,0
o90714,0,8,6,0,0,0
o90718,5,12,5,0,0,0
o90720,5,7,7,0,0,0
o90726,8,59,8,0,0,0
o90727,9,24,9,0,0,0
o90728,6,22,6,0,0,0
o90730,7,71,7,0,0,0
o90732,9,252,13,0,0,0
o90733,0,20,4,0,0,0
o90739,0,2,24,0,0,0
o90740,0,10,36,0,0,0
o90744,0,27,20,0,0,0
o90745,0,37,24,0,0,0
o90755,0,8,16,0,0,0
o90757,0,47,71,0,0,0
o90759,0,41,8,0,0,0
o90762,0,6,26,0,0,0
o90766,0,4,14,0,0,0
o90783,0,10,2,0,0,0
o90793,9,16,10,0,0,0
o90794,0,76,24,0,0,0
o90795,0,319,6,0,0,0
o90796,0,201,28,0,0,0
o90797,0,42,8,0,0,0
o90809,0,0,12,0,0,0
o90810,4,4,4,0,0,0
o90811,0,0,8,0,0,0
o90812,0,0,18,0,0,0
o90825,0,2,10,0,0,0
o90826,0,6,10,0,0,0
o90828,0,6,6,0,0,0
o90830,0,45,12,0,0,0
o90831,0,158,28,0,0,0
o90832,1,329,1180,0,83,5
o90885,0,68,8,0,0,0
o90886,0,287,10,0,0,0
o90887,0,10,8,0,0,0
o90889,3,,8,1,,3
o90894,0,,6,0,1,0
o90895,1,4,608,0,2,1
o90904,6,333,131,0,38,10
o90905,0,6305,81,0,258,8
o90911,0,,15,0,1,0
o90912,3,,122,0,,0
o90919,0,63,37,0,0,0
o90920,0,156,4,0,0,0
o90937,0,469,10,0,0,0
o90938,0,1,22,0,1,0
o90939,7,,5,0,1,1
o90940,0,0,71,0,0,3
o90944,0,2,67,0,0,4
o90950,0,4,10,0,0,0
o90951,11,16,6,0,1,0
o90953,1,1,7,1,1,0
o90954,4,,48,0,,0
o90957,2,,,0,,
o90958,2,,21,0,,0
o90967,0,85,8,0,0,2
o90970,0,0,243,0,0,1
o90971,0,,,0,,0
o90972,0,12,1130,0,0,0
o90980,1,11,23,0,1,1
o91001,1,1,1,0,0,0
o91002,2,2,3,0,0,0
o91003,2,2,2,0,0,0
o91006,0,52,4,0,0,0
o91008,2,,1,0,,0
o91010,2,25,2,0,0,0
o91012,1,3,234,0,0,0
o91013,1,1,78,0,0,0
o91014,0,0,40,0,0,0
o91018,1,130,49,0,3,0
o91019,0,0,224,0,0,0
o91020,0,1116,70,0,0,0
o91022,0,14,10,0,0,0
o91023,0,23,101,0,0,0
o91025,6,,281,0,,0
o91027,0,0,0,0,0,0
o91028,0,0,6,0,0,0
o91031,0,93,24,0,0,0
o91033,4,4,721,0,0,0
o91034,7,384,1218,0,0,0
o91035,3,1287,39,0,0,0
o91036,1,,7,0,,0
o91037,10,,104,0,,0
o91038,4,14,21,0,0,0
o91040,0,40,28,0,0,0
o91081,0,67,9,0,0,0
o91088,0,0,40,0,0,0
o91089,0,0,20,0,0,0
o91096,4,193,3,0,3,0
o91099,0,449,15,0,0,0
o91100,0,0,116,0,0,0
o91101,0,933,6,0,0,0
o91102,0,586,42,0,0,0
o91103,4,4,4,0,0,0
o91109,2,,4,0,,0
o91126,0,50,104,0,0,0
o91129,1,60,1,0,0,0
o91132,1,141,10,0,0,0
o91136,0,2,8,0,0,0
o91148,0,0,,0,0,
o91151,0,,,0,,
o91394,2,2,58,0,0,0
o91396,3,,,0,,
o91408,0,16,8,0,0,0
o91584,0,2,6,0,0,1
o91592,0,,,0,,
o91593,0,0,0,0,0,0
o91594,0,0,28,0,0,0
o91595,2,737,562,0,73,74
o9187,0,22,24,0,0,0
o9198,2,8,32,0,0,0
o9207,0,,30,0,1,0
o9208,2,10,8,0,5,0
o9209,2,,6,0,1,0
o9273,1,11,1,0,0,0
o9274,2,49,27,0,0,0
o9275,0,4,21,0,0,0
o9292,0,0,1,0,0,0
o9305,8,29,,0,0,
o9385,2,2,5,0,0,0
o9386,0,16,,0,0,
o9388,0,0,78,0,0,0
o9390,2,15,34,0,0,0
o948,5,5,5,0,0,0
o9500,0,239,2,0,0,0
o9503,0,7,53,0,0,0
o9505,0,16,20,0,0,0
o9507,0,6,14,0,0,0
o9509,0,12,4,0,0,0
o9510,0,16,10,0,0,0
o9511,0,12,52,0,0,0
o9512,0,4,4,0,0,0
o9513,0,65,46,0,0,0
o9514,0,114,20,0,0,0
o9515,0,93,31,0,0,0
o9516,0,83,53,0,0,0
o9517,0,14,6,0,0,0
o9518,0,6,16,0,0,0
o9519,0,2,6,0,0,0
o9520,0,10,62,0,0,0
o9541,1,,,0,,
o9702,3,3,3,0,0,0
o9764,0,6,32,0,0,0
o9765,0,0,6,0,0,0
o9766,0,16,45,0,0,0
o9767,0,53,2461,0,0,0
o9769,0,4,4,0,0,0
o9770,0,6,195,0,0,0
o9771,0,10,14,0,0,0
o9772,0,0,6,0,0,0
o9774,0,0,17,0,0,0
o9776,0,2,56,0,0,0
o9777,0,6,6,0,0,0
o9778,0,0,14,0,0,0
o9779,0,0,37,0,0,1
o9780,0,0,2,0,0,0
o9782,0,6,1362,0,0,0
o9783,0,0,10,0,0,0
o9784,0,0,77,0,0,0
o9785,0,88,656,0,0,0
o9786,0,6,698,0,0,0
o9787,0,0,1989,0,0,0
o9789,0,4,10,0,0,0
o9790,0,0,2,0,0,0
o9791,0,,64,0,,0
o9792,0,4,8,0,0,0
o9793,0,2,8,0,0,0
o9794,0,12,2037,0,0,0
o9795,0,20,40,0,0,0
o9796,0,0,58,0,0,0
o9797,0,16,18,0,0,0
o9801,0,0,18,0,0,0
o9802,0,8,20602,0,0,4
o9803,0,0,2,0,0,0
o9804,0,0,40,0,0,0
o9806,0,6,3,0,0,0
o9807,0,0,13,0,0,0
o9808,0,49,84,0,0,0
o9810,0,21,18,0,0,0
o9811,3,,5,0,,0
o9812,0,0,4,0,0,0
o9814,0,4,8,0,0,0
o9815,0,8,12,0,0,0
o9816,0,113,3,0,1,0
o9817,2,,14,1,,1
o9818,0,0,2,0,0,0
o9819,0,13,25,0,0,0
o9822,0,14,780,0,0,0
o9823,0,10,,0,0,
o9824,1,6,1,0,1,0
o9826,0,12,12,0,1,0
o9827,1,75,0,0,1,0
o9828,1,3,12,0,1,0
o9829,0,17,59,0,0,0
o9830,0,0,,0,0,
o9832,0,8,,0,0,
o9835,1,1,1,0,0,0
o9836,0,,429807,0,0,0
o9838,0,45,,0,0,
o9839,0,2,10,0,0,0
o9840,0,11,7,0,1,0
o9841,0,215,51,0,2,0
o9842,0,45,194,0,0,0
o9843,0,87,556211,0,0,0
o9850,0,14,12,0,0,0
o9852,0,4,69,0,0,0
o9856,0,48,16,0,0,0
o9860,0,0,44,0,0,0
o9861,0,0,4,0,0,0
o9863,0,14,16,0,0,0
o9864,0,29,94,0,0,0
o9867,0,0,8,0,0,0
o9869,0,16,12,0,0,0
o9870,0,0,6,0,0,0
o9872,0,2,48,0,0,0
o9873,0,716,6,0,0,0
o9874,0,0,395,0,0,0
o9876,0,53,19,0,4,0
o9877,0,4,4,0,0,0
o9878,0,4,10,0,0,0
o9879,0,0,805,0,0,0
o9881,0,12,2988,0,0,0
o9882,0,0,20620,0,0,0
o9883,0,0,12,0,0,0
o9884,0,0,4,0,0,0
o9885,1,3,3,0,0,0
o9886,0,240,2,0,0,0
o9887,0,66,,0,0,
o9888,0,0,10,0,0,0
o9890,0,22,,0,0,
o9891,0,8,31,0,0,0
o9892,0,0,4,0,0,0
o9894,0,10,173,0,0,0
o9895,0,10,24,0,0,0
o9896,0,0,6,0,0,0
o9898,0,95,41,0,0,0
o9899,0,8,36,0,0,0
o9900,0,0,16,0,0,0
o9901,0,16,10,0,0,0
o9902,0,16,44,0,0,0
o9903,0,6,101,0,0,0
o9904,0,24,16302,0,0,0
o9905,0,99,3,0,0,0
o9906,0,0,6234,0,0,0
o9908,0,24,10,0,0,0
o9910,0,22,159,0,0,0
o9912,0,0,4,0,0,0
o9914,0,12,24792,0,0,2
o9915,0,31,31224,0,0,0
o9916,0,0,4678030,0,0,0
o9917,0,2,,0,0,539
o9919,0,80,36,0,0,0
o9920,0,0,43,0,0,0
o9922,0,382,16,0,0,0
o9924,0,0,8,0,0,0
o9925,0,0,999,0,0,0
o9926,0,32,,0,0,
o9931,0,0,6,0,0,0
o9932,0,59,455,0,0,0
o9933,0,0,6,0,0,0
o9937,0,37,232,0,0,0
o9939,0,10,10,0,0,0
o9940,2,,4371,0,,0
o9941,0,10,4,0,0,0
o9942,0,965,6793,0,0,0
o9943,1,1,1,0,1,0
o9944,0,0,35,0,0,0
o9946,0,4,18,0,0,0
o9948,1,1,1,0,0,0
o9949,0,12,6,0,0,0
o9950,0,26,100,0,0,0
o9951,2,,4,0,,0
o9952,0,26,24,0,0,0
o9953,2,,2,0,,0
o9955,1,,1,0,,0
o9957,10,71,40,0,1,0
o9958,0,0,201,0,0,0
o9961,0,7,18,0,0,0
o9962,0,12,8,0,0,0
o9963,0,6,12,0,0,0
o9964,1,1,9,0,0,0
o9965,0,10,22,0,0,0
o9966,0,0,14,0,0,0
o9968,0,17,121,0,0,0
o9969,0,,3,0,,1
o997,0,182,25,0,0,0
o9971,0,,3,0,,0
o9972,0,0,5,0,0,0
o9976,0,6,,0,0,
o9981,0,22,22,0,0,0
